,trace_id,session_id,testcase_id,scenario_id,entry_service,entry_api,entry_timestamp,service_1_inst_delta,service_1_conf_mem_limit_delta,service_1_conf_cpu_limit_delta,service_2_inst_delta,service_2_conf_mem_limit_delta,service_2_conf_cpu_limit_delta,service_3_inst_delta,service_3_conf_mem_limit_delta,service_3_conf_cpu_limit_delta,y_is_error_lazy,y_is_error_predict,y_is_error,y_issue_ms,y_issue_dimension
0,061aad2e-c090-11e8-bc1c-fcf8ae5d079a,061aad2f-c090-11e8-9aa6-fcf8ae5d079a,061bab04-c090-11e8-9060-fcf8ae5d079a,061aad30-c090-11e8-a45f-fcf8ae5d079a,service_2,service_2_api_1,1537858544512,4,215,58,4,175,233,2,345,204,Success,Success,Success,service_2,memory
1,061aad31-c090-11e8-a486-fcf8ae5d079a,061aad32-c090-11e8-aded-fcf8ae5d079a,061bab05-c090-11e8-925e-fcf8ae5d079a,061aad33-c090-11e8-90f5-fcf8ae5d079a,service_1,service_1_api_2,1537858544512,3,923,166,3,728,137,4,379,13,Success,Fail,Success,service_3,cpu
2,061aad34-c090-11e8-b40d-fcf8ae5d079a,061aad35-c090-11e8-9a23-fcf8ae5d079a,061bab06-c090-11e8-ba81-fcf8ae5d079a,061aad36-c090-11e8-8783-fcf8ae5d079a,service_3,service_3_api_2,1537858544512,2,687,192,9,432,65,3,651,158,Success,Success,Fail,service_2,instance
3,061aad37-c090-11e8-a015-fcf8ae5d079a,061aad38-c090-11e8-8a39-fcf8ae5d079a,061bab07-c090-11e8-b205-fcf8ae5d079a,061ac0a8-c090-11e8-ba0e-fcf8ae5d079a,service_3,service_3_api_3,1537858544512,5,398,83,2,451,293,1,204,287,Fail,Success,Success,service_1,instance
4,061ac0a9-c090-11e8-97f1-fcf8ae5d079a,061ac0aa-c090-11e8-a776-fcf8ae5d079a,061bab08-c090-11e8-b801-fcf8ae5d079a,061ac0ab-c090-11e8-a3ac-fcf8ae5d079a,service_3,service_3_api_1,1537858544512,4,757,191,1,158,111,4,895,166,Success,Success,Fail,service_2,memory
5,061ac0ac-c090-11e8-9069-fcf8ae5d079a,061ac0ad-c090-11e8-bf44-fcf8ae5d079a,061bab09-c090-11e8-9e08-fcf8ae5d079a,061ac0ae-c090-11e8-a3a3-fcf8ae5d079a,service_3,service_3_api_1,1537858544512,1,254,148,1,922,25,2,636,207,Success,Success,Fail,service_2,cpu
6,061ac0af-c090-11e8-990d-fcf8ae5d079a,061ac0b0-c090-11e8-a77f-fcf8ae5d079a,061bab0a-c090-11e8-96f0-fcf8ae5d079a,061ac0b1-c090-11e8-b4c3-fcf8ae5d079a,service_3,service_3_api_2,1537858544512,2,458,231,2,163,208,4,621,77,Success,Fail,Fail,service_2,memory
7,061ac0b2-c090-11e8-abdb-fcf8ae5d079a,061ac0b3-c090-11e8-b0f9-fcf8ae5d079a,061bab0b-c090-11e8-88f1-fcf8ae5d079a,061ac0b4-c090-11e8-a9ee-fcf8ae5d079a,service_2,service_2_api_2,1537858544512,1,271,34,2,913,75,6,641,44,Fail,Fail,Success,service_3,instance
8,061ac0b5-c090-11e8-becd-fcf8ae5d079a,061ac0b6-c090-11e8-a041-fcf8ae5d079a,061bab0c-c090-11e8-8f80-fcf8ae5d079a,061ac0b7-c090-11e8-ac18-fcf8ae5d079a,service_2,service_2_api_2,1537858544512,3,295,40,1,227,26,4,856,254,Fail,Fail,Success,service_2,cpu
9,061ac0b8-c090-11e8-bf6e-fcf8ae5d079a,061ac0b9-c090-11e8-a697-fcf8ae5d079a,061bab0d-c090-11e8-9e65-fcf8ae5d079a,061ac0ba-c090-11e8-893f-fcf8ae5d079a,service_1,service_1_api_1,1537858544512,4,643,19,3,407,251,2,502,255,Fail,Fail,Fail,service_1,cpu
10,061ac0bb-c090-11e8-abec-fcf8ae5d079a,061ac0bc-c090-11e8-b178-fcf8ae5d079a,061bab0e-c090-11e8-a944-fcf8ae5d079a,061ac0bd-c090-11e8-bbaa-fcf8ae5d079a,service_3,service_3_api_3,1537858544512,3,87,240,3,379,247,1,209,223,Fail,Fail,Fail,service_1,memory
11,061ac0be-c090-11e8-991e-fcf8ae5d079a,061ac0bf-c090-11e8-93d2-fcf8ae5d079a,061bbe28-c090-11e8-8aa7-fcf8ae5d079a,061ac0c0-c090-11e8-b945-fcf8ae5d079a,service_2,service_2_api_1,1537858544512,4,628,160,4,255,15,3,512,216,Fail,Fail,Fail,service_2,cpu
12,061ac0c1-c090-11e8-90b8-fcf8ae5d079a,061ac0c2-c090-11e8-be65-fcf8ae5d079a,061bbe29-c090-11e8-a97a-fcf8ae5d079a,061ac0c3-c090-11e8-b11f-fcf8ae5d079a,service_2,service_2_api_4,1537858544513,3,772,32,2,43,226,3,469,143,Success,Success,Fail,service_2,memory
13,061ac0c4-c090-11e8-b7d2-fcf8ae5d079a,061ac0c5-c090-11e8-a912-fcf8ae5d079a,061bbe2a-c090-11e8-afc8-fcf8ae5d079a,061ac0c6-c090-11e8-9b55-fcf8ae5d079a,service_1,service_1_api_1,1537858544513,1,402,230,4,829,26,3,418,147,Fail,Fail,Fail,service_2,cpu
14,061ac0c7-c090-11e8-856a-fcf8ae5d079a,061ac0c8-c090-11e8-b23a-fcf8ae5d079a,061bbe2b-c090-11e8-b461-fcf8ae5d079a,061ac0c9-c090-11e8-ab10-fcf8ae5d079a,service_3,service_3_api_2,1537858544513,4,535,138,3,42,284,3,318,166,Fail,Success,Fail,service_2,memory
15,061ac0ca-c090-11e8-b7b8-fcf8ae5d079a,061ac0cb-c090-11e8-b363-fcf8ae5d079a,061bbe2c-c090-11e8-ac84-fcf8ae5d079a,061ac0cc-c090-11e8-8796-fcf8ae5d079a,service_1,service_1_api_2,1537858544513,4,279,61,1,1005,74,1,234,25,Fail,Success,Fail,service_3,cpu
16,061ac0cd-c090-11e8-bbc9-fcf8ae5d079a,061ac0ce-c090-11e8-9695-fcf8ae5d079a,061bbe2d-c090-11e8-be86-fcf8ae5d079a,061ac0cf-c090-11e8-ae07-fcf8ae5d079a,service_3,service_3_api_3,1537858544513,5,788,91,3,573,279,4,265,271,Fail,Success,Success,service_1,instance
17,061ad428-c090-11e8-8f51-fcf8ae5d079a,061ad429-c090-11e8-a0bd-fcf8ae5d079a,061bbe2e-c090-11e8-8779-fcf8ae5d079a,061ad42a-c090-11e8-a015-fcf8ae5d079a,service_3,service_3_api_1,1537858544513,3,868,203,1,219,37,4,182,231,Fail,Success,Success,service_3,memory
18,061ad42b-c090-11e8-9625-fcf8ae5d079a,061ad42c-c090-11e8-a29c-fcf8ae5d079a,061bbe2f-c090-11e8-a576-fcf8ae5d079a,061ad42d-c090-11e8-b244-fcf8ae5d079a,service_2,service_2_api_2,1537858544513,7,457,113,2,835,272,3,934,156,Success,Success,Success,service_1,instance
19,061ad42e-c090-11e8-a3ba-fcf8ae5d079a,061ad42f-c090-11e8-bf62-fcf8ae5d079a,061bbe30-c090-11e8-8ebb-fcf8ae5d079a,061ad430-c090-11e8-8641-fcf8ae5d079a,service_2,service_2_api_1,1537858544513,2,130,212,1,307,153,1,550,32,Success,Fail,Success,service_1,memory
20,061ad431-c090-11e8-a55d-fcf8ae5d079a,061ad432-c090-11e8-83e8-fcf8ae5d079a,061bbe31-c090-11e8-9813-fcf8ae5d079a,061ad433-c090-11e8-b517-fcf8ae5d079a,service_3,service_3_api_3,1537858544513,5,691,271,3,769,118,4,376,45,Success,Success,Fail,service_1,instance
21,061ad434-c090-11e8-b363-fcf8ae5d079a,061ad435-c090-11e8-be0e-fcf8ae5d079a,061bbe32-c090-11e8-844b-fcf8ae5d079a,061ad436-c090-11e8-b6f7-fcf8ae5d079a,service_2,service_2_api_1,1537858544513,2,351,173,2,666,283,2,902,12,Fail,Fail,Fail,service_3,cpu
22,061ad437-c090-11e8-848a-fcf8ae5d079a,061ad438-c090-11e8-967d-fcf8ae5d079a,061bbe33-c090-11e8-8c4f-fcf8ae5d079a,061ad439-c090-11e8-8f43-fcf8ae5d079a,service_2,service_2_api_4,1537858544513,2,825,243,2,870,215,4,44,137,Success,Fail,Success,service_3,memory
23,061ad43a-c090-11e8-b4aa-fcf8ae5d079a,061ad43b-c090-11e8-aad0-fcf8ae5d079a,061bbe34-c090-11e8-b2ca-fcf8ae5d079a,061ad43c-c090-11e8-a750-fcf8ae5d079a,service_1,service_1_api_1,1537858544513,1,678,28,3,422,121,1,694,41,Fail,Fail,Fail,service_1,cpu
24,061ad43d-c090-11e8-97c4-fcf8ae5d079a,061ad43e-c090-11e8-8c7d-fcf8ae5d079a,061bbe35-c090-11e8-8a8f-fcf8ae5d079a,061ad43f-c090-11e8-93a8-fcf8ae5d079a,service_2,service_2_api_1,1537858544513,1,913,74,2,930,288,3,81,240,Success,Success,Fail,service_3,memory
25,061ad440-c090-11e8-b840-fcf8ae5d079a,061ad441-c090-11e8-8fcc-fcf8ae5d079a,061bbe36-c090-11e8-b7bd-fcf8ae5d079a,061ad442-c090-11e8-85c9-fcf8ae5d079a,service_2,service_2_api_1,1537858544513,1,813,233,2,689,16,2,586,33,Success,Success,Success,service_2,cpu
26,061ad443-c090-11e8-b271-fcf8ae5d079a,061ad444-c090-11e8-85e2-fcf8ae5d079a,061bbe37-c090-11e8-8b5a-fcf8ae5d079a,061ad445-c090-11e8-b550-fcf8ae5d079a,service_1,service_1_api_1,1537858544513,3,669,294,8,307,33,3,815,177,Success,Success,Fail,service_2,instance
27,061ad446-c090-11e8-b98e-fcf8ae5d079a,061ad447-c090-11e8-aabb-fcf8ae5d079a,061bbe38-c090-11e8-9579-fcf8ae5d079a,061ad448-c090-11e8-bfd9-fcf8ae5d079a,service_2,service_2_api_3,1537858544513,1,281,15,1,977,91,3,703,239,Success,Success,Fail,service_1,cpu
28,061ad449-c090-11e8-b237-fcf8ae5d079a,061ad44a-c090-11e8-9979-fcf8ae5d079a,061bbe39-c090-11e8-8e57-fcf8ae5d079a,061ad44b-c090-11e8-83c9-fcf8ae5d079a,service_2,service_2_api_4,1537858544513,4,21,151,4,486,266,4,504,71,Fail,Success,Fail,service_1,memory
29,061ad44c-c090-11e8-ba67-fcf8ae5d079a,061ad44d-c090-11e8-91c4-fcf8ae5d079a,061bbe3a-c090-11e8-a693-fcf8ae5d079a,061ad44e-c090-11e8-b5f3-fcf8ae5d079a,service_2,service_2_api_3,1537858544513,3,369,84,1,496,197,1,35,140,Fail,Success,Fail,service_3,memory
30,061ad44f-c090-11e8-8dab-fcf8ae5d079a,061ae7ac-c090-11e8-aeaa-fcf8ae5d079a,061bbe3b-c090-11e8-956f-fcf8ae5d079a,061ae7ad-c090-11e8-99b5-fcf8ae5d079a,service_3,service_3_api_1,1537858544513,4,232,29,3,750,130,2,731,62,Fail,Fail,Success,service_1,cpu
31,061ae7ae-c090-11e8-a785-fcf8ae5d079a,061ae7af-c090-11e8-8f89-fcf8ae5d079a,061bbe3c-c090-11e8-a556-fcf8ae5d079a,061ae7b0-c090-11e8-bbe4-fcf8ae5d079a,service_3,service_3_api_1,1537858544513,2,1009,141,4,848,183,1,479,26,Success,Fail,Fail,service_3,cpu
32,061ae7b1-c090-11e8-9c8b-fcf8ae5d079a,061ae7b2-c090-11e8-bc99-fcf8ae5d079a,061bbe3d-c090-11e8-b5e9-fcf8ae5d079a,061ae7b3-c090-11e8-b898-fcf8ae5d079a,service_2,service_2_api_1,1537858544513,1,235,31,6,822,164,2,492,205,Success,Success,Success,service_2,instance
33,061ae7b4-c090-11e8-a759-fcf8ae5d079a,061ae7b5-c090-11e8-bb65-fcf8ae5d079a,061bbe3e-c090-11e8-b89c-fcf8ae5d079a,061ae7b6-c090-11e8-8d77-fcf8ae5d079a,service_1,service_1_api_2,1537858544513,4,189,141,3,822,183,2,858,155,Success,Success,Fail,service_1,memory
34,061ae7b7-c090-11e8-ab98-fcf8ae5d079a,061ae7b8-c090-11e8-9c11-fcf8ae5d079a,061bbe3f-c090-11e8-b794-fcf8ae5d079a,061ae7b9-c090-11e8-858b-fcf8ae5d079a,service_2,service_2_api_3,1537858544513,1,338,19,2,382,171,1,884,200,Fail,Success,Fail,service_1,cpu
35,061ae7ba-c090-11e8-9f34-fcf8ae5d079a,061ae7bb-c090-11e8-ad3c-fcf8ae5d079a,061bbe40-c090-11e8-afce-fcf8ae5d079a,061ae7bc-c090-11e8-8c44-fcf8ae5d079a,service_1,service_1_api_2,1537858544513,2,640,48,1,983,106,2,995,15,Fail,Success,Success,service_3,cpu
36,061ae7bd-c090-11e8-afe6-fcf8ae5d079a,061ae7be-c090-11e8-80dc-fcf8ae5d079a,061bbe41-c090-11e8-a77d-fcf8ae5d079a,061ae7bf-c090-11e8-8bd7-fcf8ae5d079a,service_2,service_2_api_2,1537858544513,3,314,174,1,32,193,1,587,272,Success,Fail,Success,service_2,memory
37,061ae7c0-c090-11e8-b3a3-fcf8ae5d079a,061ae7c1-c090-11e8-b708-fcf8ae5d079a,061bbe42-c090-11e8-abb5-fcf8ae5d079a,061ae7c2-c090-11e8-b6f5-fcf8ae5d079a,service_3,service_3_api_3,1537858544513,4,84,283,4,850,189,4,519,165,Fail,Fail,Success,service_1,memory
38,061ae7c3-c090-11e8-9228-fcf8ae5d079a,061ae7c4-c090-11e8-b082-fcf8ae5d079a,061bbe43-c090-11e8-8523-fcf8ae5d079a,061ae7c5-c090-11e8-9eed-fcf8ae5d079a,service_1,service_1_api_2,1537858544513,1,674,201,2,12,147,3,775,209,Success,Fail,Fail,service_2,memory
39,061ae7c6-c090-11e8-8ff4-fcf8ae5d079a,061ae7c7-c090-11e8-ac94-fcf8ae5d079a,061bbe44-c090-11e8-a5e1-fcf8ae5d079a,061ae7c8-c090-11e8-8f6d-fcf8ae5d079a,service_2,service_2_api_1,1537858544513,4,740,44,6,256,216,2,781,256,Fail,Fail,Success,service_2,instance
40,061ae7c9-c090-11e8-9a1e-fcf8ae5d079a,061ae7ca-c090-11e8-a5d7-fcf8ae5d079a,061bbe45-c090-11e8-8821-fcf8ae5d079a,061ae7cb-c090-11e8-a7ea-fcf8ae5d079a,service_3,service_3_api_3,1537858544513,4,562,28,3,489,75,3,508,189,Success,Fail,Success,service_1,cpu
41,061ae7cc-c090-11e8-9f67-fcf8ae5d079a,061ae7cd-c090-11e8-a28a-fcf8ae5d079a,061bbe46-c090-11e8-a58e-fcf8ae5d079a,061ae7ce-c090-11e8-93c8-fcf8ae5d079a,service_3,service_3_api_1,1537858544513,6,391,122,2,696,167,3,230,87,Success,Fail,Fail,service_1,instance
42,061ae7cf-c090-11e8-b46a-fcf8ae5d079a,061ae7d0-c090-11e8-a913-fcf8ae5d079a,061bbe47-c090-11e8-94f7-fcf8ae5d079a,061ae7d1-c090-11e8-9486-fcf8ae5d079a,service_2,service_2_api_2,1537858544513,3,1011,18,3,458,139,1,231,188,Success,Fail,Success,service_1,cpu
43,061ae7d2-c090-11e8-bb79-fcf8ae5d079a,061ae7d3-c090-11e8-87fe-fcf8ae5d079a,061bbe48-c090-11e8-92fe-fcf8ae5d079a,061ae7d4-c090-11e8-a41f-fcf8ae5d079a,service_2,service_2_api_1,1537858544513,1,682,14,3,947,274,4,599,197,Success,Fail,Fail,service_1,cpu
44,061afb22-c090-11e8-9607-fcf8ae5d079a,061afb23-c090-11e8-92bd-fcf8ae5d079a,061bbe49-c090-11e8-8bbd-fcf8ae5d079a,061afb24-c090-11e8-81d9-fcf8ae5d079a,service_2,service_2_api_2,1537858544513,9,200,125,1,325,72,4,456,130,Success,Success,Success,service_1,instance
45,061afb25-c090-11e8-a7ef-fcf8ae5d079a,061afb26-c090-11e8-af44-fcf8ae5d079a,061bbe4a-c090-11e8-8889-fcf8ae5d079a,061afb27-c090-11e8-b010-fcf8ae5d079a,service_3,service_3_api_3,1537858544513,2,575,83,4,363,279,1,524,12,Success,Success,Success,service_3,cpu
46,061afb28-c090-11e8-8aeb-fcf8ae5d079a,061afb29-c090-11e8-b086-fcf8ae5d079a,061bbe4b-c090-11e8-9e45-fcf8ae5d079a,061afb2a-c090-11e8-a4cc-fcf8ae5d079a,service_2,service_2_api_2,1537858544513,3,332,179,2,12,193,4,268,255,Fail,Success,Fail,service_2,memory
47,061afb2b-c090-11e8-88a4-fcf8ae5d079a,061afb2c-c090-11e8-bb58-fcf8ae5d079a,061bbe4c-c090-11e8-970f-fcf8ae5d079a,061afb2d-c090-11e8-8122-fcf8ae5d079a,service_2,service_2_api_1,1537858544513,4,784,14,4,874,249,1,606,269,Fail,Success,Fail,service_1,cpu
48,061afb2e-c090-11e8-8a16-fcf8ae5d079a,061afb2f-c090-11e8-9f59-fcf8ae5d079a,061bbe4d-c090-11e8-834c-fcf8ae5d079a,061afb30-c090-11e8-8244-fcf8ae5d079a,service_1,service_1_api_1,1537858544513,3,482,216,5,503,137,1,424,198,Fail,Fail,Fail,service_2,instance
49,061afb31-c090-11e8-830a-fcf8ae5d079a,061afb32-c090-11e8-bd71-fcf8ae5d079a,061bbe4e-c090-11e8-9f64-fcf8ae5d079a,061afb33-c090-11e8-a0be-fcf8ae5d079a,service_3,service_3_api_2,1537858544513,3,945,21,4,547,142,3,538,45,Success,Fail,Success,service_1,cpu
50,061afb34-c090-11e8-997a-fcf8ae5d079a,061afb35-c090-11e8-867e-fcf8ae5d079a,061bbe4f-c090-11e8-94ec-fcf8ae5d079a,061afb36-c090-11e8-bd5e-fcf8ae5d079a,service_2,service_2_api_2,1537858544513,2,925,194,5,804,196,1,467,101,Success,Fail,Fail,service_2,instance
51,061afb37-c090-11e8-b173-fcf8ae5d079a,061afb38-c090-11e8-afb3-fcf8ae5d079a,061bbe50-c090-11e8-8575-fcf8ae5d079a,061afb39-c090-11e8-8e07-fcf8ae5d079a,service_2,service_2_api_4,1537858544513,1,316,25,4,949,136,2,504,100,Fail,Success,Fail,service_1,cpu
52,061afb3a-c090-11e8-aa98-fcf8ae5d079a,061afb3b-c090-11e8-b174-fcf8ae5d079a,061bbe51-c090-11e8-9913-fcf8ae5d079a,061afb3c-c090-11e8-b777-fcf8ae5d079a,service_2,service_2_api_1,1537858544514,3,306,20,3,209,211,2,767,268,Success,Success,Fail,service_1,cpu
53,061afb3d-c090-11e8-8adf-fcf8ae5d079a,061afb3e-c090-11e8-8318-fcf8ae5d079a,061bbe52-c090-11e8-9c67-fcf8ae5d079a,061afb3f-c090-11e8-8bc9-fcf8ae5d079a,service_1,service_1_api_1,1537858544514,3,28,53,1,372,186,2,242,268,Fail,Fail,Fail,service_1,memory
54,061afb40-c090-11e8-96c7-fcf8ae5d079a,061afb41-c090-11e8-9818-fcf8ae5d079a,061bbe53-c090-11e8-9811-fcf8ae5d079a,061afb42-c090-11e8-adf0-fcf8ae5d079a,service_3,service_3_api_1,1537858544514,1,548,248,3,989,85,8,262,165,Success,Success,Fail,service_3,instance
55,061afb43-c090-11e8-9f82-fcf8ae5d079a,061afb44-c090-11e8-aa9c-fcf8ae5d079a,061bbe54-c090-11e8-8977-fcf8ae5d079a,061afb45-c090-11e8-86b1-fcf8ae5d079a,service_2,service_2_api_4,1537858544514,2,216,14,3,344,163,4,1013,108,Fail,Success,Success,service_1,cpu
56,061afb46-c090-11e8-bba8-fcf8ae5d079a,061afb47-c090-11e8-8de3-fcf8ae5d079a,061bbe55-c090-11e8-b00a-fcf8ae5d079a,061afb48-c090-11e8-b685-fcf8ae5d079a,service_2,service_2_api_1,1537858544514,3,540,194,8,865,282,3,830,292,Fail,Success,Success,service_2,instance
57,061afb49-c090-11e8-9da0-fcf8ae5d079a,061afb4a-c090-11e8-871b-fcf8ae5d079a,061bbe56-c090-11e8-9bb2-fcf8ae5d079a,061afb4b-c090-11e8-be38-fcf8ae5d079a,service_2,service_2_api_3,1537858544514,1,778,161,2,110,125,4,652,94,Success,Fail,Fail,service_2,memory
58,061afb4c-c090-11e8-b939-fcf8ae5d079a,061afb4d-c090-11e8-a76a-fcf8ae5d079a,061bbe57-c090-11e8-898f-fcf8ae5d079a,061afb4e-c090-11e8-aaf3-fcf8ae5d079a,service_1,service_1_api_2,1537858544514,4,571,178,4,280,252,4,30,43,Success,Success,Fail,service_3,memory
59,061afb4f-c090-11e8-b778-fcf8ae5d079a,061afb50-c090-11e8-9201-fcf8ae5d079a,061bbe58-c090-11e8-b740-fcf8ae5d079a,061afb51-c090-11e8-8c0b-fcf8ae5d079a,service_1,service_1_api_1,1537858544514,1,323,92,1,797,210,3,52,171,Success,Fail,Fail,service_3,memory
60,061afb52-c090-11e8-875b-fcf8ae5d079a,061afb53-c090-11e8-b706-fcf8ae5d079a,061bbe59-c090-11e8-8897-fcf8ae5d079a,061afb54-c090-11e8-b155-fcf8ae5d079a,service_2,service_2_api_3,1537858544514,4,99,277,2,973,234,2,616,51,Success,Success,Fail,service_1,memory
61,061afb55-c090-11e8-a15a-fcf8ae5d079a,061afb56-c090-11e8-ba47-fcf8ae5d079a,061bbe5a-c090-11e8-9d3d-fcf8ae5d079a,061afb57-c090-11e8-b1f1-fcf8ae5d079a,service_3,service_3_api_3,1537858544514,6,354,290,2,768,219,4,850,49,Success,Success,Success,service_1,instance
62,061afb58-c090-11e8-b4a1-fcf8ae5d079a,061afb59-c090-11e8-8ba3-fcf8ae5d079a,061bbe5b-c090-11e8-9ad1-fcf8ae5d079a,061afb5a-c090-11e8-bde3-fcf8ae5d079a,service_2,service_2_api_4,1537858544514,3,174,225,1,509,38,1,826,282,Fail,Fail,Success,service_1,memory
63,061afb5b-c090-11e8-b6d7-fcf8ae5d079a,061afb5c-c090-11e8-b14e-fcf8ae5d079a,061bbe5c-c090-11e8-86d9-fcf8ae5d079a,061afb5d-c090-11e8-ad0b-fcf8ae5d079a,service_2,service_2_api_2,1537858544514,4,1012,228,2,594,117,2,372,29,Fail,Fail,Success,service_3,cpu
64,061afb5e-c090-11e8-a519-fcf8ae5d079a,061afb5f-c090-11e8-9dec-fcf8ae5d079a,061bbe5d-c090-11e8-b64f-fcf8ae5d079a,061afb60-c090-11e8-9c47-fcf8ae5d079a,service_1,service_1_api_1,1537858544514,1,186,70,3,538,272,3,299,141,Success,Success,Success,service_1,memory
65,061afb61-c090-11e8-a0e4-fcf8ae5d079a,061afb62-c090-11e8-b7a0-fcf8ae5d079a,061bbe5e-c090-11e8-a87d-fcf8ae5d079a,061afb63-c090-11e8-8b10-fcf8ae5d079a,service_3,service_3_api_3,1537858544514,4,560,74,3,175,92,1,861,133,Success,Success,Success,service_2,memory
66,061afb64-c090-11e8-9a06-fcf8ae5d079a,061afb65-c090-11e8-80eb-fcf8ae5d079a,061bbe5f-c090-11e8-ad7d-fcf8ae5d079a,061afb66-c090-11e8-b970-fcf8ae5d079a,service_3,service_3_api_3,1537858544514,1,175,242,2,243,295,3,701,96,Fail,Fail,Fail,service_1,memory
67,061afb67-c090-11e8-a97b-fcf8ae5d079a,061afb68-c090-11e8-a53a-fcf8ae5d079a,061bbe60-c090-11e8-a5eb-fcf8ae5d079a,061afb69-c090-11e8-95b5-fcf8ae5d079a,service_1,service_1_api_2,1537858544514,4,189,35,2,456,256,1,460,192,Fail,Fail,Fail,service_1,memory
68,061afb6a-c090-11e8-aa45-fcf8ae5d079a,061afb6b-c090-11e8-8a74-fcf8ae5d079a,061bbe61-c090-11e8-8877-fcf8ae5d079a,061afb6c-c090-11e8-bec6-fcf8ae5d079a,service_3,service_3_api_2,1537858544514,1,303,297,3,407,17,2,841,260,Fail,Success,Fail,service_2,cpu
69,061afb6d-c090-11e8-a34f-fcf8ae5d079a,061afb6e-c090-11e8-a538-fcf8ae5d079a,061bbe62-c090-11e8-8e4f-fcf8ae5d079a,061afb6f-c090-11e8-82d4-fcf8ae5d079a,service_2,service_2_api_1,1537858544514,2,896,37,2,501,25,1,209,260,Fail,Success,Fail,service_2,cpu
70,061afb70-c090-11e8-badf-fcf8ae5d079a,061afb71-c090-11e8-907b-fcf8ae5d079a,061bbe63-c090-11e8-b95b-fcf8ae5d079a,061afb72-c090-11e8-869a-fcf8ae5d079a,service_2,service_2_api_1,1537858544514,1,764,119,4,924,11,2,961,214,Success,Fail,Success,service_2,cpu
71,061b0ea4-c090-11e8-a2e4-fcf8ae5d079a,061b0ea5-c090-11e8-9874-fcf8ae5d079a,061bbe64-c090-11e8-91e0-fcf8ae5d079a,061b0ea6-c090-11e8-bf61-fcf8ae5d079a,service_1,service_1_api_1,1537858544514,1,459,99,2,888,148,2,904,27,Fail,Fail,Success,service_3,cpu
72,061b0ea7-c090-11e8-b948-fcf8ae5d079a,061b0ea8-c090-11e8-9214-fcf8ae5d079a,061bbe65-c090-11e8-97c9-fcf8ae5d079a,061b0ea9-c090-11e8-b153-fcf8ae5d079a,service_1,service_1_api_1,1537858544514,1,884,66,2,674,278,6,710,58,Success,Success,Fail,service_3,instance
73,061b0eaa-c090-11e8-8733-fcf8ae5d079a,061b0eab-c090-11e8-91c0-fcf8ae5d079a,061bbe66-c090-11e8-8dea-fcf8ae5d079a,061b0eac-c090-11e8-9315-fcf8ae5d079a,service_1,service_1_api_2,1537858544514,4,140,159,2,830,54,4,716,171,Fail,Success,Success,service_1,memory
74,061b0ead-c090-11e8-9aaa-fcf8ae5d079a,061b0eae-c090-11e8-86ce-fcf8ae5d079a,061bbe67-c090-11e8-a2e7-fcf8ae5d079a,061b0eaf-c090-11e8-a679-fcf8ae5d079a,service_2,service_2_api_3,1537858544514,1,231,29,4,242,202,2,646,206,Success,Fail,Success,service_1,cpu
75,061b0eb0-c090-11e8-8c55-fcf8ae5d079a,061b0eb1-c090-11e8-ae19-fcf8ae5d079a,061bbe68-c090-11e8-ae21-fcf8ae5d079a,061b0eb2-c090-11e8-8fb4-fcf8ae5d079a,service_1,service_1_api_2,1537858544514,3,942,98,3,572,21,3,299,246,Success,Fail,Fail,service_2,cpu
76,061b0eb3-c090-11e8-ace2-fcf8ae5d079a,061b0eb4-c090-11e8-baeb-fcf8ae5d079a,061bbe69-c090-11e8-95aa-fcf8ae5d079a,061b0eb5-c090-11e8-94cd-fcf8ae5d079a,service_3,service_3_api_3,1537858544514,4,504,243,3,186,123,3,545,282,Success,Fail,Success,service_2,memory
77,061b0eb6-c090-11e8-89c6-fcf8ae5d079a,061b0eb7-c090-11e8-ba97-fcf8ae5d079a,061bbe6a-c090-11e8-88dc-fcf8ae5d079a,061b0eb8-c090-11e8-95c3-fcf8ae5d079a,service_3,service_3_api_2,1537858544514,1,965,287,3,457,19,3,423,226,Fail,Fail,Fail,service_2,cpu
78,061b0eb9-c090-11e8-a8ee-fcf8ae5d079a,061b0eba-c090-11e8-b9a1-fcf8ae5d079a,061bbe6b-c090-11e8-828f-fcf8ae5d079a,061b0ebb-c090-11e8-bec2-fcf8ae5d079a,service_2,service_2_api_1,1537858544514,3,122,82,2,911,118,3,1009,212,Fail,Fail,Fail,service_1,memory
79,061b0ebc-c090-11e8-972a-fcf8ae5d079a,061b0ebd-c090-11e8-acc9-fcf8ae5d079a,061bbe6c-c090-11e8-b003-fcf8ae5d079a,061b0ebe-c090-11e8-87b7-fcf8ae5d079a,service_1,service_1_api_1,1537858544514,7,261,149,3,875,87,4,760,235,Fail,Fail,Fail,service_1,instance
80,061b0ebf-c090-11e8-8f66-fcf8ae5d079a,061b0ec0-c090-11e8-9edc-fcf8ae5d079a,061bbe6d-c090-11e8-befc-fcf8ae5d079a,061b0ec1-c090-11e8-99e2-fcf8ae5d079a,service_2,service_2_api_4,1537858544514,3,143,211,2,276,72,1,925,127,Fail,Fail,Fail,service_1,memory
81,061b0ec2-c090-11e8-b4b7-fcf8ae5d079a,061b0ec3-c090-11e8-aa0c-fcf8ae5d079a,061bbe6e-c090-11e8-ac91-fcf8ae5d079a,061b0ec4-c090-11e8-b829-fcf8ae5d079a,service_1,service_1_api_2,1537858544514,4,439,29,4,741,163,2,500,253,Fail,Fail,Fail,service_1,cpu
82,061b0ec5-c090-11e8-bcdd-fcf8ae5d079a,061b0ec6-c090-11e8-95fc-fcf8ae5d079a,061bbe6f-c090-11e8-860c-fcf8ae5d079a,061b0ec7-c090-11e8-a4c1-fcf8ae5d079a,service_2,service_2_api_4,1537858544514,4,564,285,1,704,20,1,1008,67,Fail,Fail,Fail,service_2,cpu
83,061b0ec8-c090-11e8-9176-fcf8ae5d079a,061b0ec9-c090-11e8-8207-fcf8ae5d079a,061bbe70-c090-11e8-9aad-fcf8ae5d079a,061b0eca-c090-11e8-a7ae-fcf8ae5d079a,service_3,service_3_api_3,1537858544514,1,768,295,3,766,152,9,740,71,Success,Success,Fail,service_3,instance
84,061b0ecb-c090-11e8-a318-fcf8ae5d079a,061b0ecc-c090-11e8-939c-fcf8ae5d079a,061bbe71-c090-11e8-880a-fcf8ae5d079a,061b0ecd-c090-11e8-ac84-fcf8ae5d079a,service_2,service_2_api_4,1537858544514,2,370,119,2,848,235,2,376,11,Success,Success,Fail,service_3,cpu
85,061b0ece-c090-11e8-8360-fcf8ae5d079a,061b0ecf-c090-11e8-8290-fcf8ae5d079a,061bbe72-c090-11e8-a39f-fcf8ae5d079a,061b0ed0-c090-11e8-98c5-fcf8ae5d079a,service_1,service_1_api_2,1537858544514,3,521,255,1,205,138,7,848,129,Fail,Success,Success,service_3,instance
86,061b0ed1-c090-11e8-9b8e-fcf8ae5d079a,061b0ed2-c090-11e8-bd2f-fcf8ae5d079a,061bbe73-c090-11e8-835c-fcf8ae5d079a,061b0ed3-c090-11e8-963f-fcf8ae5d079a,service_1,service_1_api_1,1537858544514,8,872,167,1,813,278,1,340,67,Success,Success,Success,service_1,instance
87,061b0ed4-c090-11e8-a444-fcf8ae5d079a,061b0ed5-c090-11e8-a498-fcf8ae5d079a,061bbe74-c090-11e8-a1bd-fcf8ae5d079a,061b0ed6-c090-11e8-a6e7-fcf8ae5d079a,service_1,service_1_api_1,1537858544514,1,795,268,6,506,287,1,881,204,Fail,Success,Fail,service_2,instance
88,061b0ed7-c090-11e8-814c-fcf8ae5d079a,061b0ed8-c090-11e8-994f-fcf8ae5d079a,061bbe75-c090-11e8-879b-fcf8ae5d079a,061b0ed9-c090-11e8-9020-fcf8ae5d079a,service_1,service_1_api_2,1537858544514,3,936,137,2,431,13,1,408,92,Success,Fail,Success,service_2,cpu
89,061b0eda-c090-11e8-ba12-fcf8ae5d079a,061b0edb-c090-11e8-a425-fcf8ae5d079a,061bbe76-c090-11e8-b724-fcf8ae5d079a,061b0edc-c090-11e8-b0f8-fcf8ae5d079a,service_3,service_3_api_2,1537858544515,2,183,216,2,327,123,4,258,189,Success,Fail,Fail,service_1,memory
90,061b0edd-c090-11e8-b82c-fcf8ae5d079a,061b0ede-c090-11e8-b020-fcf8ae5d079a,061bbe77-c090-11e8-988b-fcf8ae5d079a,061b0edf-c090-11e8-9d4e-fcf8ae5d079a,service_1,service_1_api_2,1537858544515,4,71,119,4,790,143,1,311,89,Fail,Success,Success,service_1,memory
91,061b0ee0-c090-11e8-a2cc-fcf8ae5d079a,061b0ee1-c090-11e8-9583-fcf8ae5d079a,061bbe78-c090-11e8-8ad3-fcf8ae5d079a,061b0ee2-c090-11e8-8f8c-fcf8ae5d079a,service_2,service_2_api_3,1537858544515,3,805,283,2,401,125,7,1012,104,Fail,Success,Success,service_3,instance
92,061b0ee3-c090-11e8-a078-fcf8ae5d079a,061b0ee4-c090-11e8-852c-fcf8ae5d079a,061bbe79-c090-11e8-8b63-fcf8ae5d079a,061b0ee5-c090-11e8-9102-fcf8ae5d079a,service_2,service_2_api_1,1537858544515,4,377,15,4,520,274,2,682,63,Success,Success,Fail,service_1,cpu
93,061b0ee6-c090-11e8-82aa-fcf8ae5d079a,061b0ee7-c090-11e8-a98e-fcf8ae5d079a,061bbe7a-c090-11e8-82b5-fcf8ae5d079a,061b0ee8-c090-11e8-ac4a-fcf8ae5d079a,service_3,service_3_api_1,1537858544515,1,521,169,3,19,283,2,241,265,Success,Fail,Fail,service_2,memory
94,061b0ee9-c090-11e8-b493-fcf8ae5d079a,061b0eea-c090-11e8-9fb0-fcf8ae5d079a,061bbe7b-c090-11e8-9f52-fcf8ae5d079a,061b0eeb-c090-11e8-96b1-fcf8ae5d079a,service_3,service_3_api_3,1537858544515,2,110,228,3,489,216,1,875,140,Fail,Fail,Fail,service_1,memory
95,061b0eec-c090-11e8-a119-fcf8ae5d079a,061b0eed-c090-11e8-bb2e-fcf8ae5d079a,061bbe7c-c090-11e8-ae44-fcf8ae5d079a,061b0eee-c090-11e8-be00-fcf8ae5d079a,service_3,service_3_api_2,1537858544515,1,778,192,3,128,206,4,515,97,Success,Fail,Fail,service_2,memory
96,061b0eef-c090-11e8-9485-fcf8ae5d079a,061b0ef0-c090-11e8-8fb1-fcf8ae5d079a,061bbe7d-c090-11e8-8da5-fcf8ae5d079a,061b0ef1-c090-11e8-a6a1-fcf8ae5d079a,service_2,service_2_api_2,1537858544515,1,621,29,2,641,239,4,887,84,Success,Fail,Fail,service_1,cpu
97,061b0ef2-c090-11e8-8f42-fcf8ae5d079a,061b0ef3-c090-11e8-8c3d-fcf8ae5d079a,061bd1b0-c090-11e8-b1db-fcf8ae5d079a,061b0ef4-c090-11e8-bdc8-fcf8ae5d079a,service_3,service_3_api_1,1537858544515,1,421,107,2,798,118,6,772,246,Success,Success,Fail,service_3,instance
98,061b221e-c090-11e8-939d-fcf8ae5d079a,061b221f-c090-11e8-a59b-fcf8ae5d079a,061bd1b1-c090-11e8-a376-fcf8ae5d079a,061b2220-c090-11e8-96c6-fcf8ae5d079a,service_3,service_3_api_3,1537858544515,1,766,106,6,762,88,4,417,247,Success,Fail,Success,service_2,instance
99,061b2221-c090-11e8-9819-fcf8ae5d079a,061b2222-c090-11e8-a8f7-fcf8ae5d079a,061bd1b2-c090-11e8-8a39-fcf8ae5d079a,061b2223-c090-11e8-b277-fcf8ae5d079a,service_1,service_1_api_2,1537858544515,1,444,283,1,453,12,3,916,167,Fail,Success,Success,service_2,cpu
100,061b2224-c090-11e8-8a6a-fcf8ae5d079a,061b2225-c090-11e8-b676-fcf8ae5d079a,061bd1b3-c090-11e8-ad6e-fcf8ae5d079a,061b2226-c090-11e8-a244-fcf8ae5d079a,service_1,service_1_api_2,1537858544515,1,412,232,2,663,188,8,308,111,Fail,Success,Success,service_3,instance
101,061b2227-c090-11e8-8242-fcf8ae5d079a,061b2228-c090-11e8-897f-fcf8ae5d079a,061bd1b4-c090-11e8-a4b6-fcf8ae5d079a,061b2229-c090-11e8-91ae-fcf8ae5d079a,service_2,service_2_api_3,1537858544515,4,506,214,3,277,184,1,350,11,Fail,Success,Fail,service_3,cpu
102,061b222a-c090-11e8-a80f-fcf8ae5d079a,061b222b-c090-11e8-9213-fcf8ae5d079a,061bd1b5-c090-11e8-968b-fcf8ae5d079a,061b222c-c090-11e8-8d48-fcf8ae5d079a,service_3,service_3_api_3,1537858544515,1,629,134,1,400,19,1,701,296,Success,Fail,Success,service_2,cpu
103,061b222d-c090-11e8-997f-fcf8ae5d079a,061b222e-c090-11e8-a1c0-fcf8ae5d079a,061bd1b6-c090-11e8-b8a8-fcf8ae5d079a,061b222f-c090-11e8-94c5-fcf8ae5d079a,service_1,service_1_api_1,1537858544515,2,937,221,4,296,282,5,300,158,Success,Fail,Fail,service_3,instance
104,061b2230-c090-11e8-96b0-fcf8ae5d079a,061b2231-c090-11e8-8004-fcf8ae5d079a,061bd1b7-c090-11e8-9cec-fcf8ae5d079a,061b2232-c090-11e8-b3ad-fcf8ae5d079a,service_3,service_3_api_1,1537858544515,3,486,226,3,169,172,4,844,218,Success,Fail,Success,service_2,memory
105,061b2233-c090-11e8-aebf-fcf8ae5d079a,061b2234-c090-11e8-9259-fcf8ae5d079a,061bd1b8-c090-11e8-8af3-fcf8ae5d079a,061b2235-c090-11e8-82d4-fcf8ae5d079a,service_3,service_3_api_1,1537858544515,2,833,186,2,95,180,3,828,176,Fail,Fail,Success,service_2,memory
106,061b2236-c090-11e8-a8fc-fcf8ae5d079a,061b2237-c090-11e8-ae59-fcf8ae5d079a,061bd1b9-c090-11e8-9435-fcf8ae5d079a,061b2238-c090-11e8-ba5d-fcf8ae5d079a,service_3,service_3_api_1,1537858544515,4,951,24,3,867,256,1,1022,263,Success,Success,Success,service_1,cpu
107,061b2239-c090-11e8-9a7d-fcf8ae5d079a,061b223a-c090-11e8-b8b9-fcf8ae5d079a,061bd1ba-c090-11e8-ac5e-fcf8ae5d079a,061b223b-c090-11e8-8212-fcf8ae5d079a,service_1,service_1_api_2,1537858544515,1,831,39,3,453,132,1,1014,29,Success,Success,Fail,service_3,cpu
108,061b223c-c090-11e8-83a1-fcf8ae5d079a,061b223d-c090-11e8-9f2b-fcf8ae5d079a,061bd1bb-c090-11e8-b688-fcf8ae5d079a,061b223e-c090-11e8-8703-fcf8ae5d079a,service_2,service_2_api_2,1537858544515,2,894,118,4,160,191,3,247,40,Success,Fail,Success,service_2,memory
109,061b223f-c090-11e8-97ac-fcf8ae5d079a,061b2240-c090-11e8-975d-fcf8ae5d079a,061bd1bc-c090-11e8-8f4e-fcf8ae5d079a,061b2241-c090-11e8-be64-fcf8ae5d079a,service_2,service_2_api_3,1537858544515,3,377,162,3,601,201,4,371,29,Fail,Fail,Success,service_3,cpu
110,061b2242-c090-11e8-82d1-fcf8ae5d079a,061b2243-c090-11e8-9aa6-fcf8ae5d079a,061bd1bd-c090-11e8-b2ae-fcf8ae5d079a,061b2244-c090-11e8-8311-fcf8ae5d079a,service_2,service_2_api_1,1537858544515,2,0,142,3,945,95,3,213,243,Fail,Success,Fail,service_1,memory
111,061b2245-c090-11e8-a70e-fcf8ae5d079a,061b2246-c090-11e8-b178-fcf8ae5d079a,061bd1be-c090-11e8-b418-fcf8ae5d079a,061b2247-c090-11e8-8166-fcf8ae5d079a,service_1,service_1_api_1,1537858544515,2,808,194,2,397,49,1,413,10,Fail,Success,Success,service_3,cpu
112,061b2248-c090-11e8-a4db-fcf8ae5d079a,061b2249-c090-11e8-8d22-fcf8ae5d079a,061bd1bf-c090-11e8-9cc6-fcf8ae5d079a,061b224a-c090-11e8-998c-fcf8ae5d079a,service_1,service_1_api_1,1537858544515,3,451,23,3,890,62,3,959,101,Fail,Fail,Fail,service_1,cpu
113,061b224b-c090-11e8-b0ea-fcf8ae5d079a,061b224c-c090-11e8-a001-fcf8ae5d079a,061bd1c0-c090-11e8-bb8a-fcf8ae5d079a,061b224d-c090-11e8-bcc3-fcf8ae5d079a,service_1,service_1_api_2,1537858544515,1,912,164,3,855,54,9,341,104,Fail,Success,Fail,service_3,instance
114,061b224e-c090-11e8-9800-fcf8ae5d079a,061b224f-c090-11e8-afd4-fcf8ae5d079a,061bd1c1-c090-11e8-a353-fcf8ae5d079a,061b2250-c090-11e8-b94b-fcf8ae5d079a,service_2,service_2_api_4,1537858544515,5,998,30,4,1004,213,2,623,136,Success,Success,Fail,service_1,instance
115,061b2251-c090-11e8-a182-fcf8ae5d079a,061b2252-c090-11e8-b051-fcf8ae5d079a,061bd1c2-c090-11e8-8c7f-fcf8ae5d079a,061b2253-c090-11e8-92f8-fcf8ae5d079a,service_2,service_2_api_2,1537858544515,3,175,128,4,758,197,4,450,256,Success,Fail,Success,service_1,memory
116,061b2254-c090-11e8-93ef-fcf8ae5d079a,061b2255-c090-11e8-965a-fcf8ae5d079a,061bd1c3-c090-11e8-a2f4-fcf8ae5d079a,061b2256-c090-11e8-b675-fcf8ae5d079a,service_3,service_3_api_2,1537858544515,1,892,286,4,454,56,8,951,99,Fail,Fail,Fail,service_3,instance
117,061b2257-c090-11e8-8dd2-fcf8ae5d079a,061b2258-c090-11e8-b679-fcf8ae5d079a,061bd1c4-c090-11e8-aebc-fcf8ae5d079a,061b2259-c090-11e8-9d8e-fcf8ae5d079a,service_3,service_3_api_1,1537858544515,3,216,92,2,85,210,1,895,261,Fail,Fail,Fail,service_2,memory
118,061b225a-c090-11e8-ade0-fcf8ae5d079a,061b225b-c090-11e8-b7b2-fcf8ae5d079a,061bd1c5-c090-11e8-824d-fcf8ae5d079a,061b225c-c090-11e8-bd4c-fcf8ae5d079a,service_2,service_2_api_2,1537858544515,3,874,167,1,528,34,5,277,263,Success,Fail,Success,service_3,instance
119,061b225d-c090-11e8-9a0f-fcf8ae5d079a,061b225e-c090-11e8-9583-fcf8ae5d079a,061bd1c6-c090-11e8-b00c-fcf8ae5d079a,061b225f-c090-11e8-9179-fcf8ae5d079a,service_1,service_1_api_2,1537858544515,9,855,299,2,950,298,4,506,188,Success,Success,Fail,service_1,instance
120,061b2260-c090-11e8-839b-fcf8ae5d079a,061b2261-c090-11e8-8cba-fcf8ae5d079a,061bd1c7-c090-11e8-ab5d-fcf8ae5d079a,061b2262-c090-11e8-8e69-fcf8ae5d079a,service_3,service_3_api_3,1537858544515,6,445,65,2,620,270,3,293,157,Fail,Success,Fail,service_1,instance
121,061b2263-c090-11e8-b22a-fcf8ae5d079a,061b2264-c090-11e8-acd9-fcf8ae5d079a,061bd1c8-c090-11e8-a47d-fcf8ae5d079a,061b2265-c090-11e8-83d3-fcf8ae5d079a,service_2,service_2_api_3,1537858544515,1,842,231,8,320,58,3,256,221,Fail,Fail,Fail,service_2,instance
122,061b2266-c090-11e8-af1e-fcf8ae5d079a,061b2267-c090-11e8-a4a2-fcf8ae5d079a,061bd1c9-c090-11e8-9255-fcf8ae5d079a,061b2268-c090-11e8-9180-fcf8ae5d079a,service_1,service_1_api_2,1537858544515,2,642,65,2,132,233,3,858,89,Fail,Success,Fail,service_2,memory
123,061b2269-c090-11e8-9fdb-fcf8ae5d079a,061b226a-c090-11e8-94ee-fcf8ae5d079a,061bd1ca-c090-11e8-9c8d-fcf8ae5d079a,061b226b-c090-11e8-bbf0-fcf8ae5d079a,service_3,service_3_api_1,1537858544515,4,483,47,1,529,13,2,725,180,Success,Fail,Success,service_2,cpu
124,061b226c-c090-11e8-a958-fcf8ae5d079a,061b226d-c090-11e8-92cb-fcf8ae5d079a,061bd1cb-c090-11e8-9801-fcf8ae5d079a,061b226e-c090-11e8-9134-fcf8ae5d079a,service_2,service_2_api_1,1537858544515,2,895,130,4,506,185,4,89,233,Success,Success,Fail,service_3,memory
125,061b226f-c090-11e8-b499-fcf8ae5d079a,061b2270-c090-11e8-a390-fcf8ae5d079a,061bd1cc-c090-11e8-8224-fcf8ae5d079a,061b2271-c090-11e8-a8ed-fcf8ae5d079a,service_1,service_1_api_1,1537858544515,2,399,189,2,750,284,4,14,290,Fail,Fail,Fail,service_3,memory
126,061b2272-c090-11e8-874d-fcf8ae5d079a,061b2273-c090-11e8-8049-fcf8ae5d079a,061bd1cd-c090-11e8-af3a-fcf8ae5d079a,061b2274-c090-11e8-bcc1-fcf8ae5d079a,service_2,service_2_api_1,1537858544515,2,301,63,4,546,299,8,984,112,Success,Success,Fail,service_3,instance
127,061b2275-c090-11e8-a9e7-fcf8ae5d079a,061b2276-c090-11e8-bb14-fcf8ae5d079a,061bd1ce-c090-11e8-8504-fcf8ae5d079a,061b2277-c090-11e8-a79d-fcf8ae5d079a,service_1,service_1_api_1,1537858544516,3,870,187,4,838,54,8,767,219,Fail,Success,Success,service_3,instance
128,061b2278-c090-11e8-9426-fcf8ae5d079a,061b2279-c090-11e8-aec6-fcf8ae5d079a,061bd1cf-c090-11e8-bfb9-fcf8ae5d079a,061b227a-c090-11e8-833d-fcf8ae5d079a,service_3,service_3_api_1,1537858544516,3,974,137,3,451,82,3,274,18,Success,Success,Fail,service_3,cpu
129,061b227b-c090-11e8-a593-fcf8ae5d079a,061b227c-c090-11e8-a054-fcf8ae5d079a,061bd1d0-c090-11e8-aa81-fcf8ae5d079a,061b227d-c090-11e8-90a8-fcf8ae5d079a,service_1,service_1_api_2,1537858544516,3,718,213,2,148,189,4,213,198,Fail,Fail,Fail,service_2,memory
130,061b359c-c090-11e8-be99-fcf8ae5d079a,061b359d-c090-11e8-aec7-fcf8ae5d079a,061bd1d1-c090-11e8-9753-fcf8ae5d079a,061b359e-c090-11e8-be1b-fcf8ae5d079a,service_3,service_3_api_1,1537858544516,4,842,17,1,647,100,3,325,149,Success,Fail,Success,service_1,cpu
131,061b359f-c090-11e8-a2db-fcf8ae5d079a,061b35a0-c090-11e8-81b7-fcf8ae5d079a,061bd1d2-c090-11e8-a44f-fcf8ae5d079a,061b35a1-c090-11e8-83e8-fcf8ae5d079a,service_3,service_3_api_1,1537858544516,3,556,118,1,233,130,7,425,161,Success,Fail,Success,service_3,instance
132,061b35a2-c090-11e8-9f28-fcf8ae5d079a,061b35a3-c090-11e8-a618-fcf8ae5d079a,061bd1d3-c090-11e8-9324-fcf8ae5d079a,061b35a4-c090-11e8-bafc-fcf8ae5d079a,service_2,service_2_api_1,1537858544516,1,246,97,3,319,196,2,109,193,Fail,Fail,Fail,service_3,memory
133,061b35a5-c090-11e8-a8d4-fcf8ae5d079a,061b35a6-c090-11e8-8d77-fcf8ae5d079a,061bd1d4-c090-11e8-bb1f-fcf8ae5d079a,061b35a7-c090-11e8-bd88-fcf8ae5d079a,service_2,service_2_api_3,1537858544516,1,509,180,2,953,184,4,1014,26,Fail,Fail,Fail,service_3,cpu
134,061b35a8-c090-11e8-ab07-fcf8ae5d079a,061b35a9-c090-11e8-a5a7-fcf8ae5d079a,061bd1d5-c090-11e8-9531-fcf8ae5d079a,061b35aa-c090-11e8-b104-fcf8ae5d079a,service_3,service_3_api_1,1537858544516,4,1014,167,2,586,266,5,883,71,Fail,Fail,Success,service_3,instance
135,061b35ab-c090-11e8-ad5b-fcf8ae5d079a,061b35ac-c090-11e8-b939-fcf8ae5d079a,061bd1d6-c090-11e8-92e2-fcf8ae5d079a,061b35ad-c090-11e8-88f8-fcf8ae5d079a,service_2,service_2_api_4,1537858544516,4,698,60,9,580,103,3,539,206,Fail,Fail,Fail,service_2,instance
136,061b35ae-c090-11e8-8a2e-fcf8ae5d079a,061b35af-c090-11e8-bcf2-fcf8ae5d079a,061bd1d7-c090-11e8-88f3-fcf8ae5d079a,061b35b0-c090-11e8-8a99-fcf8ae5d079a,service_3,service_3_api_3,1537858544516,4,505,255,8,575,67,3,253,151,Fail,Fail,Fail,service_2,instance
137,061b35b1-c090-11e8-a926-fcf8ae5d079a,061b35b2-c090-11e8-9fba-fcf8ae5d079a,061bd1d8-c090-11e8-97f4-fcf8ae5d079a,061b35b3-c090-11e8-a4b4-fcf8ae5d079a,service_3,service_3_api_1,1537858544516,1,742,189,1,373,282,3,133,96,Fail,Success,Success,service_3,memory
138,061b35b4-c090-11e8-ae4d-fcf8ae5d079a,061b35b5-c090-11e8-b864-fcf8ae5d079a,061bd1d9-c090-11e8-8ea5-fcf8ae5d079a,061b35b6-c090-11e8-8bcd-fcf8ae5d079a,service_2,service_2_api_1,1537858544516,6,806,99,3,266,250,2,637,158,Success,Success,Success,service_1,instance
139,061b35b7-c090-11e8-b370-fcf8ae5d079a,061b35b8-c090-11e8-8edc-fcf8ae5d079a,061bd1da-c090-11e8-b72a-fcf8ae5d079a,061b35b9-c090-11e8-aa08-fcf8ae5d079a,service_3,service_3_api_3,1537858544516,4,912,214,2,508,250,1,192,90,Fail,Success,Success,service_3,memory
140,061b35ba-c090-11e8-8f80-fcf8ae5d079a,061b35bb-c090-11e8-9922-fcf8ae5d079a,061bd1db-c090-11e8-8b69-fcf8ae5d079a,061b35bc-c090-11e8-ba64-fcf8ae5d079a,service_1,service_1_api_2,1537858544516,4,112,179,4,788,268,3,419,107,Success,Success,Fail,service_1,memory
141,061b35bd-c090-11e8-b4a5-fcf8ae5d079a,061b35be-c090-11e8-ac48-fcf8ae5d079a,061bd1dc-c090-11e8-8fb9-fcf8ae5d079a,061b35bf-c090-11e8-9b4b-fcf8ae5d079a,service_1,service_1_api_2,1537858544516,4,953,73,3,783,216,7,844,203,Success,Success,Success,service_3,instance
142,061b35c0-c090-11e8-ba31-fcf8ae5d079a,061b35c1-c090-11e8-950c-fcf8ae5d079a,061bd1dd-c090-11e8-9188-fcf8ae5d079a,061b35c2-c090-11e8-80d8-fcf8ae5d079a,service_2,service_2_api_3,1537858544516,1,478,119,4,657,31,5,280,241,Success,Success,Success,service_3,instance
143,061b35c3-c090-11e8-bc13-fcf8ae5d079a,061b35c4-c090-11e8-9873-fcf8ae5d079a,061bd1de-c090-11e8-bd82-fcf8ae5d079a,061b35c5-c090-11e8-98f1-fcf8ae5d079a,service_3,service_3_api_2,1537858544516,3,695,261,8,251,74,3,356,90,Success,Success,Fail,service_2,instance
144,061b35c6-c090-11e8-a64a-fcf8ae5d079a,061b35c7-c090-11e8-aa8b-fcf8ae5d079a,061bd1df-c090-11e8-8036-fcf8ae5d079a,061b35c8-c090-11e8-a61a-fcf8ae5d079a,service_3,service_3_api_3,1537858544516,2,756,236,6,488,132,3,359,238,Fail,Fail,Fail,service_2,instance
145,061b35c9-c090-11e8-85a2-fcf8ae5d079a,061b35ca-c090-11e8-adc1-fcf8ae5d079a,061bd1e0-c090-11e8-84a6-fcf8ae5d079a,061b35cb-c090-11e8-b541-fcf8ae5d079a,service_3,service_3_api_3,1537858544516,2,420,102,4,926,19,4,448,222,Success,Success,Success,service_2,cpu
146,061b35cc-c090-11e8-beab-fcf8ae5d079a,061b35cd-c090-11e8-8dd7-fcf8ae5d079a,061bd1e1-c090-11e8-b6f1-fcf8ae5d079a,061b35ce-c090-11e8-b84c-fcf8ae5d079a,service_3,service_3_api_2,1537858544516,1,942,93,1,648,93,8,298,296,Success,Fail,Fail,service_3,instance
147,061b35cf-c090-11e8-b8c9-fcf8ae5d079a,061b35d0-c090-11e8-9166-fcf8ae5d079a,061bd1e2-c090-11e8-b8a4-fcf8ae5d079a,061b35d1-c090-11e8-b43f-fcf8ae5d079a,service_3,service_3_api_2,1537858544516,2,224,131,1,947,10,2,728,244,Fail,Success,Fail,service_2,cpu
148,061b35d2-c090-11e8-bff6-fcf8ae5d079a,061b35d3-c090-11e8-bb96-fcf8ae5d079a,061bd1e3-c090-11e8-ac27-fcf8ae5d079a,061b35d4-c090-11e8-a161-fcf8ae5d079a,service_2,service_2_api_2,1537858544516,2,804,47,3,116,78,4,417,274,Fail,Fail,Success,service_2,memory
149,061b35d5-c090-11e8-bd5c-fcf8ae5d079a,061b35d6-c090-11e8-910b-fcf8ae5d079a,061bd1e4-c090-11e8-aa5f-fcf8ae5d079a,061b35d7-c090-11e8-9033-fcf8ae5d079a,service_3,service_3_api_1,1537858544516,3,78,147,4,528,297,4,868,144,Success,Success,Success,service_1,memory
150,061b35d8-c090-11e8-aa18-fcf8ae5d079a,061b35d9-c090-11e8-85f5-fcf8ae5d079a,061bd1e5-c090-11e8-96bc-fcf8ae5d079a,061b35da-c090-11e8-9bb1-fcf8ae5d079a,service_1,service_1_api_2,1537858544516,4,947,42,4,885,19,1,415,113,Success,Success,Fail,service_2,cpu
151,061b35db-c090-11e8-a9a4-fcf8ae5d079a,061b35dc-c090-11e8-9b58-fcf8ae5d079a,061bd1e6-c090-11e8-a650-fcf8ae5d079a,061b35dd-c090-11e8-9e79-fcf8ae5d079a,service_2,service_2_api_4,1537858544516,4,641,28,2,587,95,3,342,240,Success,Success,Success,service_1,cpu
152,061b35de-c090-11e8-998a-fcf8ae5d079a,061b35df-c090-11e8-9eea-fcf8ae5d079a,061bd1e7-c090-11e8-98df-fcf8ae5d079a,061b35e0-c090-11e8-bc96-fcf8ae5d079a,service_3,service_3_api_1,1537858544516,4,542,86,9,798,34,1,404,263,Fail,Fail,Success,service_2,instance
153,061b35e1-c090-11e8-8fac-fcf8ae5d079a,061b35e2-c090-11e8-8e9c-fcf8ae5d079a,061bd1e8-c090-11e8-a84a-fcf8ae5d079a,061b35e3-c090-11e8-a7ed-fcf8ae5d079a,service_3,service_3_api_2,1537858544516,4,838,189,4,377,69,2,107,164,Success,Success,Fail,service_3,memory
154,061b35e4-c090-11e8-8449-fcf8ae5d079a,061b35e5-c090-11e8-8b6f-fcf8ae5d079a,061bd1e9-c090-11e8-82ae-fcf8ae5d079a,061b35e6-c090-11e8-a13d-fcf8ae5d079a,service_3,service_3_api_1,1537858544516,6,478,280,4,341,273,4,857,255,Success,Success,Success,service_1,instance
155,061b35e7-c090-11e8-acce-fcf8ae5d079a,061b35e8-c090-11e8-ae8c-fcf8ae5d079a,061bd1ea-c090-11e8-8b31-fcf8ae5d079a,061b35e9-c090-11e8-887d-fcf8ae5d079a,service_2,service_2_api_2,1537858544516,1,786,202,3,62,133,1,962,60,Fail,Success,Fail,service_2,memory
156,061b35ea-c090-11e8-b3a4-fcf8ae5d079a,061b35eb-c090-11e8-9c04-fcf8ae5d079a,061bd1eb-c090-11e8-924e-fcf8ae5d079a,061b35ec-c090-11e8-9b15-fcf8ae5d079a,service_1,service_1_api_2,1537858544516,3,644,27,4,417,256,2,333,222,Fail,Fail,Success,service_1,cpu
157,061b35ed-c090-11e8-a860-fcf8ae5d079a,061b35ee-c090-11e8-9d73-fcf8ae5d079a,061bd1ec-c090-11e8-bb4b-fcf8ae5d079a,061b35ef-c090-11e8-a685-fcf8ae5d079a,service_3,service_3_api_2,1537858544516,1,708,60,2,101,131,4,704,168,Success,Fail,Success,service_2,memory
158,061b35f0-c090-11e8-9c48-fcf8ae5d079a,061b35f1-c090-11e8-9c02-fcf8ae5d079a,061bd1ed-c090-11e8-bb80-fcf8ae5d079a,061b35f2-c090-11e8-afaa-fcf8ae5d079a,service_2,service_2_api_2,1537858544516,3,652,261,3,544,25,4,761,168,Fail,Fail,Success,service_2,cpu
159,061b35f3-c090-11e8-9327-fcf8ae5d079a,061b35f4-c090-11e8-942d-fcf8ae5d079a,061bd1ee-c090-11e8-ab2c-fcf8ae5d079a,061b35f5-c090-11e8-8051-fcf8ae5d079a,service_3,service_3_api_3,1537858544516,4,765,209,2,983,97,2,902,22,Success,Fail,Success,service_3,cpu
160,061b35f6-c090-11e8-aebf-fcf8ae5d079a,061b35f7-c090-11e8-9f11-fcf8ae5d079a,061bd1ef-c090-11e8-8c99-fcf8ae5d079a,061b35f8-c090-11e8-a5c0-fcf8ae5d079a,service_3,service_3_api_1,1537858544516,4,597,173,1,979,157,4,361,29,Fail,Fail,Success,service_3,cpu
161,061b35f9-c090-11e8-8778-fcf8ae5d079a,061b35fa-c090-11e8-b36d-fcf8ae5d079a,061bd1f0-c090-11e8-8a39-fcf8ae5d079a,061b35fb-c090-11e8-a96e-fcf8ae5d079a,service_2,service_2_api_4,1537858544516,4,899,227,3,520,272,6,294,112,Fail,Success,Fail,service_3,instance
162,061b35fc-c090-11e8-a255-fcf8ae5d079a,061b491c-c090-11e8-b672-fcf8ae5d079a,061bd1f1-c090-11e8-aede-fcf8ae5d079a,061b491d-c090-11e8-b0eb-fcf8ae5d079a,service_2,service_2_api_3,1537858544516,2,1009,190,1,91,73,4,655,114,Fail,Success,Success,service_2,memory
163,061b491e-c090-11e8-ab6a-fcf8ae5d079a,061b491f-c090-11e8-bb15-fcf8ae5d079a,061bd1f2-c090-11e8-bdba-fcf8ae5d079a,061b4920-c090-11e8-878d-fcf8ae5d079a,service_1,service_1_api_2,1537858544516,4,479,23,3,229,56,1,586,38,Fail,Fail,Success,service_1,cpu
164,061b4921-c090-11e8-ada6-fcf8ae5d079a,061b4922-c090-11e8-a01e-fcf8ae5d079a,061bd1f3-c090-11e8-92d6-fcf8ae5d079a,061b4923-c090-11e8-82c5-fcf8ae5d079a,service_2,service_2_api_3,1537858544516,4,354,112,6,1023,217,2,232,281,Success,Success,Fail,service_2,instance
165,061b4924-c090-11e8-8af2-fcf8ae5d079a,061b4925-c090-11e8-872c-fcf8ae5d079a,061bd1f4-c090-11e8-8dc7-fcf8ae5d079a,061b4926-c090-11e8-ada1-fcf8ae5d079a,service_2,service_2_api_3,1537858544516,1,879,174,4,222,171,4,75,145,Success,Fail,Fail,service_3,memory
166,061b4927-c090-11e8-8ee0-fcf8ae5d079a,061b4928-c090-11e8-ae8c-fcf8ae5d079a,061bd1f5-c090-11e8-83f4-fcf8ae5d079a,061b4929-c090-11e8-b2f6-fcf8ae5d079a,service_3,service_3_api_1,1537858544517,3,67,45,3,572,115,3,619,202,Success,Success,Fail,service_1,memory
167,061b492a-c090-11e8-b061-fcf8ae5d079a,061b492b-c090-11e8-a399-fcf8ae5d079a,061bd1f6-c090-11e8-823d-fcf8ae5d079a,061b492c-c090-11e8-b2ef-fcf8ae5d079a,service_3,service_3_api_1,1537858544517,2,556,120,3,827,21,2,653,68,Fail,Success,Fail,service_2,cpu
168,061b492d-c090-11e8-b590-fcf8ae5d079a,061b492e-c090-11e8-a6d4-fcf8ae5d079a,061bd1f7-c090-11e8-b67d-fcf8ae5d079a,061b492f-c090-11e8-b593-fcf8ae5d079a,service_3,service_3_api_3,1537858544517,4,941,51,4,79,168,1,210,87,Fail,Fail,Success,service_2,memory
169,061b4930-c090-11e8-adda-fcf8ae5d079a,061b4931-c090-11e8-9ec5-fcf8ae5d079a,061bd1f8-c090-11e8-b2f3-fcf8ae5d079a,061b4932-c090-11e8-a6c5-fcf8ae5d079a,service_2,service_2_api_1,1537858544517,8,675,288,3,375,137,1,715,186,Fail,Fail,Success,service_1,instance
170,061b4933-c090-11e8-81ad-fcf8ae5d079a,061b4934-c090-11e8-ba6c-fcf8ae5d079a,061bd1f9-c090-11e8-b0fd-fcf8ae5d079a,061b4935-c090-11e8-a3cc-fcf8ae5d079a,service_1,service_1_api_2,1537858544517,3,853,226,6,945,32,2,670,146,Fail,Success,Fail,service_2,instance
171,061b4936-c090-11e8-8e33-fcf8ae5d079a,061b4937-c090-11e8-9556-fcf8ae5d079a,061bd1fa-c090-11e8-b676-fcf8ae5d079a,061b4938-c090-11e8-afa0-fcf8ae5d079a,service_1,service_1_api_1,1537858544517,7,970,239,3,275,258,3,373,50,Success,Success,Success,service_1,instance
172,061b4939-c090-11e8-a6a0-fcf8ae5d079a,061b493a-c090-11e8-b5b7-fcf8ae5d079a,061bd1fb-c090-11e8-b1f7-fcf8ae5d079a,061b493b-c090-11e8-b488-fcf8ae5d079a,service_3,service_3_api_3,1537858544517,2,431,140,3,536,171,4,1,247,Fail,Success,Success,service_3,memory
173,061b493c-c090-11e8-bbd8-fcf8ae5d079a,061b493d-c090-11e8-8a6a-fcf8ae5d079a,061bd1fc-c090-11e8-98df-fcf8ae5d079a,061b493e-c090-11e8-bfd0-fcf8ae5d079a,service_2,service_2_api_3,1537858544517,2,929,294,2,835,248,9,536,270,Success,Success,Success,service_3,instance
174,061b493f-c090-11e8-b633-fcf8ae5d079a,061b4940-c090-11e8-901b-fcf8ae5d079a,061bd1fd-c090-11e8-9e03-fcf8ae5d079a,061b4941-c090-11e8-8b64-fcf8ae5d079a,service_2,service_2_api_3,1537858544517,3,767,102,3,491,47,2,172,180,Fail,Fail,Fail,service_3,memory
175,061b4942-c090-11e8-9070-fcf8ae5d079a,061b4943-c090-11e8-85c6-fcf8ae5d079a,061bd1fe-c090-11e8-9fc5-fcf8ae5d079a,061b4944-c090-11e8-88de-fcf8ae5d079a,service_1,service_1_api_1,1537858544517,3,889,220,1,1,121,1,229,187,Fail,Success,Success,service_2,memory
176,061b4945-c090-11e8-ad42-fcf8ae5d079a,061b4946-c090-11e8-bd19-fcf8ae5d079a,061bd1ff-c090-11e8-bedc-fcf8ae5d079a,061b4947-c090-11e8-a373-fcf8ae5d079a,service_3,service_3_api_3,1537858544517,2,846,129,2,736,10,2,334,182,Success,Success,Success,service_2,cpu
177,061b4948-c090-11e8-ac90-fcf8ae5d079a,061b4949-c090-11e8-a3ed-fcf8ae5d079a,061bd200-c090-11e8-80d3-fcf8ae5d079a,061b494a-c090-11e8-96fc-fcf8ae5d079a,service_1,service_1_api_1,1537858544517,1,465,56,3,911,261,7,786,273,Fail,Fail,Fail,service_3,instance
178,061b494b-c090-11e8-9f40-fcf8ae5d079a,061b494c-c090-11e8-9394-fcf8ae5d079a,061bd201-c090-11e8-b1ca-fcf8ae5d079a,061b494d-c090-11e8-8ae0-fcf8ae5d079a,service_1,service_1_api_1,1537858544517,4,364,167,8,821,152,1,721,128,Success,Success,Success,service_2,instance
179,061b494e-c090-11e8-85d8-fcf8ae5d079a,061b494f-c090-11e8-8683-fcf8ae5d079a,061bd202-c090-11e8-b970-fcf8ae5d079a,061b4950-c090-11e8-a37d-fcf8ae5d079a,service_1,service_1_api_1,1537858544517,3,491,186,4,775,154,4,36,221,Fail,Success,Success,service_3,memory
180,061b4951-c090-11e8-994a-fcf8ae5d079a,061b4952-c090-11e8-8f66-fcf8ae5d079a,061bd203-c090-11e8-9478-fcf8ae5d079a,061b4953-c090-11e8-9e07-fcf8ae5d079a,service_1,service_1_api_1,1537858544517,4,671,13,4,709,284,3,289,246,Fail,Fail,Success,service_1,cpu
181,061b4954-c090-11e8-8860-fcf8ae5d079a,061b4955-c090-11e8-8cae-fcf8ae5d079a,061bd204-c090-11e8-901f-fcf8ae5d079a,061b4956-c090-11e8-a6c0-fcf8ae5d079a,service_1,service_1_api_2,1537858544517,2,140,67,4,581,215,4,228,233,Fail,Success,Success,service_1,memory
182,061b4957-c090-11e8-a0f7-fcf8ae5d079a,061b4958-c090-11e8-92c2-fcf8ae5d079a,061bd205-c090-11e8-85b5-fcf8ae5d079a,061b4959-c090-11e8-b255-fcf8ae5d079a,service_3,service_3_api_1,1537858544517,4,908,219,7,676,152,3,1008,221,Success,Fail,Success,service_2,instance
183,061b495a-c090-11e8-9a37-fcf8ae5d079a,061b495b-c090-11e8-821b-fcf8ae5d079a,061bd206-c090-11e8-bc5b-fcf8ae5d079a,061b495c-c090-11e8-b9a2-fcf8ae5d079a,service_3,service_3_api_3,1537858544517,3,1007,52,3,546,10,2,513,289,Success,Fail,Fail,service_2,cpu
184,061b495d-c090-11e8-a7ae-fcf8ae5d079a,061b495e-c090-11e8-a712-fcf8ae5d079a,061bd207-c090-11e8-ad55-fcf8ae5d079a,061b495f-c090-11e8-abb5-fcf8ae5d079a,service_1,service_1_api_1,1537858544517,2,309,25,2,729,132,3,807,149,Success,Success,Fail,service_1,cpu
185,061b4960-c090-11e8-9931-fcf8ae5d079a,061b4961-c090-11e8-8521-fcf8ae5d079a,061bd208-c090-11e8-a46f-fcf8ae5d079a,061b4962-c090-11e8-97b6-fcf8ae5d079a,service_3,service_3_api_2,1537858544517,3,820,135,4,101,213,3,894,176,Success,Fail,Success,service_2,memory
186,061b4963-c090-11e8-9d39-fcf8ae5d079a,061b4964-c090-11e8-bf7b-fcf8ae5d079a,061be526-c090-11e8-a26f-fcf8ae5d079a,061b4965-c090-11e8-babe-fcf8ae5d079a,service_2,service_2_api_2,1537858544517,3,530,233,3,509,155,6,396,215,Success,Fail,Success,service_3,instance
187,061b4966-c090-11e8-b826-fcf8ae5d079a,061b4967-c090-11e8-a22a-fcf8ae5d079a,061be527-c090-11e8-a59f-fcf8ae5d079a,061b5c9e-c090-11e8-b34e-fcf8ae5d079a,service_2,service_2_api_3,1537858544517,2,678,93,2,810,62,1,830,27,Success,Fail,Success,service_3,cpu
188,061b5c9f-c090-11e8-b9ac-fcf8ae5d079a,061b5ca0-c090-11e8-9f8f-fcf8ae5d079a,061be528-c090-11e8-bc8b-fcf8ae5d079a,061b5ca1-c090-11e8-8740-fcf8ae5d079a,service_2,service_2_api_3,1537858544517,5,695,165,1,785,212,1,966,86,Fail,Success,Success,service_1,instance
189,061b701e-c090-11e8-904f-fcf8ae5d079a,061b701f-c090-11e8-9488-fcf8ae5d079a,061be529-c090-11e8-9427-fcf8ae5d079a,061b7020-c090-11e8-9a10-fcf8ae5d079a,service_2,service_2_api_3,1537858544517,1,275,244,1,538,211,3,634,19,Fail,Success,Success,service_3,cpu
190,061b7021-c090-11e8-bdf3-fcf8ae5d079a,061b7022-c090-11e8-a0ff-fcf8ae5d079a,061be52a-c090-11e8-b1ce-fcf8ae5d079a,061b7023-c090-11e8-9e53-fcf8ae5d079a,service_2,service_2_api_4,1537858544517,2,465,16,2,952,143,2,255,273,Fail,Success,Fail,service_1,cpu
191,061b7024-c090-11e8-acab-fcf8ae5d079a,061b7025-c090-11e8-83d9-fcf8ae5d079a,061be52b-c090-11e8-a817-fcf8ae5d079a,061b7026-c090-11e8-9604-fcf8ae5d079a,service_1,service_1_api_2,1537858544517,3,467,48,2,601,28,2,335,59,Fail,Fail,Fail,service_2,cpu
192,061b7027-c090-11e8-986c-fcf8ae5d079a,061b7028-c090-11e8-a8bc-fcf8ae5d079a,061be52c-c090-11e8-a2af-fcf8ae5d079a,061b7029-c090-11e8-86ed-fcf8ae5d079a,service_3,service_3_api_3,1537858544517,4,513,168,3,211,47,2,111,260,Fail,Fail,Success,service_3,memory
193,061b702a-c090-11e8-af08-fcf8ae5d079a,061b702b-c090-11e8-bff0-fcf8ae5d079a,061be52d-c090-11e8-838c-fcf8ae5d079a,061b702c-c090-11e8-a137-fcf8ae5d079a,service_2,service_2_api_1,1537858544517,2,949,17,4,664,278,3,681,291,Success,Success,Fail,service_1,cpu
194,061b702d-c090-11e8-87a7-fcf8ae5d079a,061b702e-c090-11e8-bc24-fcf8ae5d079a,061be52e-c090-11e8-a451-fcf8ae5d079a,061b702f-c090-11e8-aa3e-fcf8ae5d079a,service_3,service_3_api_2,1537858544517,3,9,145,1,899,269,1,790,68,Fail,Fail,Success,service_1,memory
195,061b7030-c090-11e8-a54e-fcf8ae5d079a,061b7031-c090-11e8-aaca-fcf8ae5d079a,061be52f-c090-11e8-86e1-fcf8ae5d079a,061b7032-c090-11e8-b889-fcf8ae5d079a,service_2,service_2_api_1,1537858544517,4,515,139,3,133,293,1,900,79,Success,Success,Success,service_2,memory
196,061b7033-c090-11e8-a4fa-fcf8ae5d079a,061b7034-c090-11e8-b546-fcf8ae5d079a,061be530-c090-11e8-8955-fcf8ae5d079a,061b7035-c090-11e8-9f98-fcf8ae5d079a,service_3,service_3_api_2,1537858544517,2,131,251,3,965,279,4,568,39,Fail,Success,Fail,service_1,memory
197,061b7036-c090-11e8-9e47-fcf8ae5d079a,061b7037-c090-11e8-81b1-fcf8ae5d079a,061be531-c090-11e8-9bd8-fcf8ae5d079a,061b7038-c090-11e8-8190-fcf8ae5d079a,service_1,service_1_api_2,1537858544517,4,730,39,3,938,104,1,67,55,Success,Fail,Success,service_3,memory
198,061b7039-c090-11e8-ba43-fcf8ae5d079a,061b703a-c090-11e8-b103-fcf8ae5d079a,061be532-c090-11e8-a4e3-fcf8ae5d079a,061b703b-c090-11e8-959f-fcf8ae5d079a,service_1,service_1_api_1,1537858544517,2,622,27,4,876,231,1,315,224,Fail,Success,Fail,service_1,cpu
199,061b703c-c090-11e8-861a-fcf8ae5d079a,061b703d-c090-11e8-9e94-fcf8ae5d079a,061be533-c090-11e8-8fcd-fcf8ae5d079a,061b703e-c090-11e8-b6f4-fcf8ae5d079a,service_3,service_3_api_1,1537858544517,2,1021,169,2,108,115,3,811,126,Fail,Fail,Fail,service_2,memory
200,061b703f-c090-11e8-9a7a-fcf8ae5d079a,061b7040-c090-11e8-8b0f-fcf8ae5d079a,061be534-c090-11e8-b6b5-fcf8ae5d079a,061b7041-c090-11e8-ab2d-fcf8ae5d079a,service_3,service_3_api_3,1537858544517,3,448,63,6,361,167,3,778,135,Success,Success,Success,service_2,instance
201,061b7042-c090-11e8-8c3b-fcf8ae5d079a,061b7043-c090-11e8-8873-fcf8ae5d079a,061be535-c090-11e8-a18e-fcf8ae5d079a,061b7044-c090-11e8-a0e4-fcf8ae5d079a,service_1,service_1_api_1,1537858544517,4,491,165,1,454,17,3,563,73,Success,Fail,Fail,service_2,cpu
202,061b7045-c090-11e8-95f6-fcf8ae5d079a,061b7046-c090-11e8-954e-fcf8ae5d079a,061be536-c090-11e8-8117-fcf8ae5d079a,061b7047-c090-11e8-87fe-fcf8ae5d079a,service_1,service_1_api_1,1537858544517,8,588,186,2,982,227,2,965,49,Fail,Fail,Fail,service_1,instance
203,061b7048-c090-11e8-924d-fcf8ae5d079a,061b7049-c090-11e8-a118-fcf8ae5d079a,061be537-c090-11e8-845e-fcf8ae5d079a,061b704a-c090-11e8-be40-fcf8ae5d079a,service_2,service_2_api_4,1537858544517,4,224,248,8,836,237,3,636,162,Success,Fail,Fail,service_2,instance
204,061b704b-c090-11e8-a516-fcf8ae5d079a,061b704c-c090-11e8-843c-fcf8ae5d079a,061be538-c090-11e8-a26b-fcf8ae5d079a,061b704d-c090-11e8-a2aa-fcf8ae5d079a,service_3,service_3_api_1,1537858544518,4,738,185,4,876,207,2,598,14,Fail,Success,Fail,service_3,cpu
205,061b704e-c090-11e8-81dd-fcf8ae5d079a,061b704f-c090-11e8-8e04-fcf8ae5d079a,061be539-c090-11e8-9099-fcf8ae5d079a,061b7050-c090-11e8-847c-fcf8ae5d079a,service_1,service_1_api_2,1537858544518,9,964,43,3,788,285,2,875,254,Success,Success,Fail,service_1,instance
206,061b7051-c090-11e8-a729-fcf8ae5d079a,061b7052-c090-11e8-9220-fcf8ae5d079a,061be53a-c090-11e8-bd31-fcf8ae5d079a,061b7053-c090-11e8-977b-fcf8ae5d079a,service_1,service_1_api_2,1537858544518,4,306,214,2,117,181,4,838,278,Fail,Success,Success,service_2,memory
207,061b7054-c090-11e8-b3e2-fcf8ae5d079a,061b7055-c090-11e8-acbb-fcf8ae5d079a,061be53b-c090-11e8-a428-fcf8ae5d079a,061b7056-c090-11e8-a8fa-fcf8ae5d079a,service_2,service_2_api_4,1537858544518,3,845,100,2,668,278,9,908,33,Success,Fail,Fail,service_3,instance
208,061b7057-c090-11e8-b377-fcf8ae5d079a,061b7058-c090-11e8-8ad0-fcf8ae5d079a,061be53c-c090-11e8-ae21-fcf8ae5d079a,061b7059-c090-11e8-b285-fcf8ae5d079a,service_2,service_2_api_3,1537858544518,1,357,158,3,706,178,1,177,162,Fail,Success,Success,service_3,memory
209,061b705a-c090-11e8-bdee-fcf8ae5d079a,061b705b-c090-11e8-b892-fcf8ae5d079a,061be53d-c090-11e8-ad31-fcf8ae5d079a,061b705c-c090-11e8-ba8f-fcf8ae5d079a,service_2,service_2_api_3,1537858544518,4,282,173,1,440,98,9,397,102,Fail,Success,Success,service_3,instance
210,061b705d-c090-11e8-8e5c-fcf8ae5d079a,061b705e-c090-11e8-ae83-fcf8ae5d079a,061be53e-c090-11e8-8940-fcf8ae5d079a,061b705f-c090-11e8-9146-fcf8ae5d079a,service_1,service_1_api_1,1537858544518,1,228,256,2,348,55,5,707,255,Fail,Fail,Success,service_3,instance
211,061b7060-c090-11e8-a348-fcf8ae5d079a,061b7061-c090-11e8-994b-fcf8ae5d079a,061be53f-c090-11e8-a9a3-fcf8ae5d079a,061b7062-c090-11e8-b9a7-fcf8ae5d079a,service_1,service_1_api_1,1537858544518,2,416,178,3,932,28,1,977,100,Success,Success,Success,service_2,cpu
212,061b7063-c090-11e8-acd5-fcf8ae5d079a,061b7064-c090-11e8-af27-fcf8ae5d079a,061be540-c090-11e8-8eae-fcf8ae5d079a,061b7065-c090-11e8-a6f1-fcf8ae5d079a,service_1,service_1_api_2,1537858544518,3,670,285,3,516,15,4,531,32,Fail,Success,Fail,service_2,cpu
213,061b7066-c090-11e8-892d-fcf8ae5d079a,061b7067-c090-11e8-ad1c-fcf8ae5d079a,061be541-c090-11e8-9eef-fcf8ae5d079a,061b7068-c090-11e8-8b24-fcf8ae5d079a,service_3,service_3_api_3,1537858544518,3,161,181,2,762,256,4,522,199,Success,Success,Fail,service_1,memory
214,061b7069-c090-11e8-970b-fcf8ae5d079a,061b706a-c090-11e8-b6a5-fcf8ae5d079a,061be542-c090-11e8-a7fd-fcf8ae5d079a,061b706b-c090-11e8-81d7-fcf8ae5d079a,service_2,service_2_api_4,1537858544518,2,719,38,2,654,41,4,69,118,Fail,Success,Success,service_3,memory
215,061b706c-c090-11e8-b5e3-fcf8ae5d079a,061b706d-c090-11e8-b62a-fcf8ae5d079a,061be543-c090-11e8-9e5a-fcf8ae5d079a,061b8398-c090-11e8-ba83-fcf8ae5d079a,service_3,service_3_api_3,1537858544518,4,680,49,3,606,68,2,155,269,Fail,Fail,Fail,service_3,memory
216,061b8399-c090-11e8-806c-fcf8ae5d079a,061b839a-c090-11e8-a416-fcf8ae5d079a,061be544-c090-11e8-83cc-fcf8ae5d079a,061b839b-c090-11e8-b244-fcf8ae5d079a,service_1,service_1_api_1,1537858544518,2,202,269,1,206,267,7,860,160,Success,Success,Fail,service_3,instance
217,061b839c-c090-11e8-a20c-fcf8ae5d079a,061b839d-c090-11e8-83a3-fcf8ae5d079a,061be545-c090-11e8-92c8-fcf8ae5d079a,061b839e-c090-11e8-b3f7-fcf8ae5d079a,service_3,service_3_api_3,1537858544518,1,834,19,3,272,159,1,523,132,Success,Fail,Success,service_1,cpu
218,061b839f-c090-11e8-bf1e-fcf8ae5d079a,061b83a0-c090-11e8-ad85-fcf8ae5d079a,061be546-c090-11e8-9df6-fcf8ae5d079a,061b83a1-c090-11e8-aaa2-fcf8ae5d079a,service_1,service_1_api_2,1537858544518,4,301,105,4,70,124,1,278,183,Success,Success,Fail,service_2,memory
219,061b83a2-c090-11e8-9752-fcf8ae5d079a,061b83a3-c090-11e8-be8f-fcf8ae5d079a,061be547-c090-11e8-bff0-fcf8ae5d079a,061b83a4-c090-11e8-a4b2-fcf8ae5d079a,service_1,service_1_api_2,1537858544518,5,302,222,4,776,203,3,269,294,Fail,Success,Success,service_1,instance
220,061b83a5-c090-11e8-9dae-fcf8ae5d079a,061b83a6-c090-11e8-bf77-fcf8ae5d079a,061be548-c090-11e8-865f-fcf8ae5d079a,061b83a7-c090-11e8-9b26-fcf8ae5d079a,service_3,service_3_api_1,1537858544518,3,79,234,1,562,268,2,434,60,Success,Fail,Success,service_1,memory
221,061b83a8-c090-11e8-b914-fcf8ae5d079a,061b83a9-c090-11e8-9f87-fcf8ae5d079a,061be549-c090-11e8-9649-fcf8ae5d079a,061b83aa-c090-11e8-9e33-fcf8ae5d079a,service_2,service_2_api_4,1537858544518,1,1012,131,2,653,18,2,961,83,Fail,Success,Success,service_2,cpu
222,061b83ab-c090-11e8-8873-fcf8ae5d079a,061b83ac-c090-11e8-aa1d-fcf8ae5d079a,061be54a-c090-11e8-8589-fcf8ae5d079a,061b83ad-c090-11e8-bcbf-fcf8ae5d079a,service_3,service_3_api_1,1537858544518,4,886,165,2,776,242,2,608,18,Fail,Success,Success,service_3,cpu
223,061b83ae-c090-11e8-ba3d-fcf8ae5d079a,061b83af-c090-11e8-b245-fcf8ae5d079a,061be54b-c090-11e8-86c7-fcf8ae5d079a,061b83b0-c090-11e8-ae2a-fcf8ae5d079a,service_2,service_2_api_4,1537858544518,2,382,281,3,1023,93,3,262,24,Fail,Fail,Fail,service_3,cpu
224,061b83b1-c090-11e8-b99d-fcf8ae5d079a,061b83b2-c090-11e8-8a39-fcf8ae5d079a,061be54c-c090-11e8-923e-fcf8ae5d079a,061b83b3-c090-11e8-b486-fcf8ae5d079a,service_3,service_3_api_1,1537858544518,3,445,132,2,883,262,2,499,17,Fail,Success,Success,service_3,cpu
225,061b83b4-c090-11e8-840b-fcf8ae5d079a,061b83b5-c090-11e8-b5ff-fcf8ae5d079a,061be54d-c090-11e8-97e1-fcf8ae5d079a,061b83b6-c090-11e8-8076-fcf8ae5d079a,service_1,service_1_api_1,1537858544518,2,1014,206,4,804,18,4,320,49,Fail,Fail,Fail,service_2,cpu
226,061b83b7-c090-11e8-95e6-fcf8ae5d079a,061b83b8-c090-11e8-baee-fcf8ae5d079a,061be54e-c090-11e8-b189-fcf8ae5d079a,061b83b9-c090-11e8-a028-fcf8ae5d079a,service_3,service_3_api_1,1537858544518,2,758,64,2,658,247,7,489,272,Success,Success,Success,service_3,instance
227,061b83ba-c090-11e8-b4c0-fcf8ae5d079a,061b83bb-c090-11e8-90a1-fcf8ae5d079a,061be54f-c090-11e8-a1cb-fcf8ae5d079a,061b83bc-c090-11e8-970f-fcf8ae5d079a,service_3,service_3_api_1,1537858544518,1,795,241,1,167,168,3,1011,150,Success,Success,Fail,service_2,memory
228,061b83bd-c090-11e8-ae25-fcf8ae5d079a,061b83be-c090-11e8-84b3-fcf8ae5d079a,061be550-c090-11e8-8ee7-fcf8ae5d079a,061b83bf-c090-11e8-8529-fcf8ae5d079a,service_1,service_1_api_2,1537858544518,1,953,180,2,734,26,3,742,286,Success,Success,Fail,service_2,cpu
229,061b83c0-c090-11e8-984b-fcf8ae5d079a,061b83c1-c090-11e8-9b57-fcf8ae5d079a,061be551-c090-11e8-9ab2-fcf8ae5d079a,061b83c2-c090-11e8-82d9-fcf8ae5d079a,service_2,service_2_api_2,1537858544518,7,441,262,2,906,121,2,703,209,Success,Success,Fail,service_1,instance
230,061b83c3-c090-11e8-b02d-fcf8ae5d079a,061b83c4-c090-11e8-a432-fcf8ae5d079a,061be552-c090-11e8-9d48-fcf8ae5d079a,061b83c5-c090-11e8-a51f-fcf8ae5d079a,service_2,service_2_api_4,1537858544518,3,764,284,1,643,88,2,20,149,Success,Fail,Fail,service_3,memory
231,061b83c6-c090-11e8-8560-fcf8ae5d079a,061b83c7-c090-11e8-b8aa-fcf8ae5d079a,061be553-c090-11e8-bf8f-fcf8ae5d079a,061b83c8-c090-11e8-8205-fcf8ae5d079a,service_1,service_1_api_1,1537858544519,3,212,12,1,796,61,4,454,235,Fail,Success,Fail,service_1,cpu
232,061b83c9-c090-11e8-a114-fcf8ae5d079a,061b83ca-c090-11e8-89a8-fcf8ae5d079a,061be554-c090-11e8-9371-fcf8ae5d079a,061b83cb-c090-11e8-b1a5-fcf8ae5d079a,service_3,service_3_api_2,1537858544519,4,368,178,3,472,120,2,541,22,Fail,Success,Success,service_3,cpu
233,061b83cc-c090-11e8-9e3e-fcf8ae5d079a,061b83cd-c090-11e8-9cab-fcf8ae5d079a,061be555-c090-11e8-823d-fcf8ae5d079a,061b83ce-c090-11e8-801b-fcf8ae5d079a,service_2,service_2_api_3,1537858544519,1,960,295,3,734,60,9,1020,158,Fail,Success,Success,service_3,instance
234,061b83cf-c090-11e8-8168-fcf8ae5d079a,061b83d0-c090-11e8-ac33-fcf8ae5d079a,061be556-c090-11e8-b9e3-fcf8ae5d079a,061b83d1-c090-11e8-b09c-fcf8ae5d079a,service_1,service_1_api_2,1537858544519,3,722,275,7,347,103,2,864,39,Success,Success,Fail,service_2,instance
235,061b83d2-c090-11e8-8dfb-fcf8ae5d079a,061b83d3-c090-11e8-897a-fcf8ae5d079a,061be557-c090-11e8-a037-fcf8ae5d079a,061b83d4-c090-11e8-bb82-fcf8ae5d079a,service_2,service_2_api_1,1537858544519,1,182,90,3,516,38,1,850,238,Success,Fail,Success,service_1,memory
236,061b83d5-c090-11e8-b425-fcf8ae5d079a,061b83d6-c090-11e8-8bb3-fcf8ae5d079a,061be558-c090-11e8-a465-fcf8ae5d079a,061b83d7-c090-11e8-9acb-fcf8ae5d079a,service_3,service_3_api_2,1537858544519,4,439,190,4,916,86,6,1006,61,Fail,Success,Success,service_3,instance
237,061b83d8-c090-11e8-9506-fcf8ae5d079a,061b83d9-c090-11e8-9c1d-fcf8ae5d079a,061be559-c090-11e8-b934-fcf8ae5d079a,061b83da-c090-11e8-b612-fcf8ae5d079a,service_3,service_3_api_1,1537858544519,1,189,65,4,226,74,2,732,123,Success,Fail,Fail,service_1,memory
238,061b83db-c090-11e8-96aa-fcf8ae5d079a,061b83dc-c090-11e8-a6ec-fcf8ae5d079a,061be55a-c090-11e8-9aaa-fcf8ae5d079a,061b83dd-c090-11e8-b347-fcf8ae5d079a,service_1,service_1_api_1,1537858544519,4,897,284,2,355,21,3,665,177,Success,Success,Fail,service_2,cpu
239,061b83de-c090-11e8-acb6-fcf8ae5d079a,061b83df-c090-11e8-916c-fcf8ae5d079a,061be55b-c090-11e8-9f5c-fcf8ae5d079a,061b83e0-c090-11e8-a6e0-fcf8ae5d079a,service_1,service_1_api_1,1537858544519,3,16,245,3,234,42,4,743,264,Success,Success,Success,service_1,memory
240,061b83e1-c090-11e8-8c44-fcf8ae5d079a,061b83e2-c090-11e8-922d-fcf8ae5d079a,061be55c-c090-11e8-b5b2-fcf8ae5d079a,061b83e3-c090-11e8-911e-fcf8ae5d079a,service_3,service_3_api_1,1537858544519,3,1018,30,4,96,160,1,576,96,Success,Success,Fail,service_2,memory
241,061b83e4-c090-11e8-b417-fcf8ae5d079a,061b83e5-c090-11e8-a951-fcf8ae5d079a,061be55d-c090-11e8-95b7-fcf8ae5d079a,061b83e6-c090-11e8-ae9b-fcf8ae5d079a,service_3,service_3_api_1,1537858544519,4,328,269,2,311,35,1,100,176,Fail,Fail,Fail,service_3,memory
242,061b83e7-c090-11e8-8efc-fcf8ae5d079a,061b83e8-c090-11e8-a1b8-fcf8ae5d079a,061be55e-c090-11e8-95e4-fcf8ae5d079a,061b83e9-c090-11e8-8698-fcf8ae5d079a,service_3,service_3_api_3,1537858544519,2,686,27,1,222,216,1,1014,106,Fail,Success,Fail,service_1,cpu
243,061b83ea-c090-11e8-91ca-fcf8ae5d079a,061b83eb-c090-11e8-a4b0-fcf8ae5d079a,061be55f-c090-11e8-80a3-fcf8ae5d079a,061b83ec-c090-11e8-be6d-fcf8ae5d079a,service_1,service_1_api_2,1537858544519,2,318,280,4,814,117,5,837,262,Success,Success,Fail,service_3,instance
244,061b83ed-c090-11e8-9b30-fcf8ae5d079a,061b83ee-c090-11e8-a3bb-fcf8ae5d079a,061be560-c090-11e8-9259-fcf8ae5d079a,061b83ef-c090-11e8-bba7-fcf8ae5d079a,service_3,service_3_api_3,1537858544519,4,930,105,4,975,212,2,712,18,Success,Success,Fail,service_3,cpu
245,061b83f0-c090-11e8-8f9b-fcf8ae5d079a,061b9718-c090-11e8-b6b4-fcf8ae5d079a,061be561-c090-11e8-8d24-fcf8ae5d079a,061b9719-c090-11e8-9910-fcf8ae5d079a,service_2,service_2_api_3,1537858544519,4,926,171,3,173,244,1,1003,100,Success,Fail,Success,service_2,memory
246,061b971a-c090-11e8-ad77-fcf8ae5d079a,061b971b-c090-11e8-9533-fcf8ae5d079a,061be562-c090-11e8-be76-fcf8ae5d079a,061b971c-c090-11e8-87e4-fcf8ae5d079a,service_2,service_2_api_1,1537858544519,4,526,29,4,626,112,4,326,38,Fail,Success,Success,service_1,cpu
247,061b971d-c090-11e8-b0bc-fcf8ae5d079a,061b971e-c090-11e8-bf19-fcf8ae5d079a,061be563-c090-11e8-9b5a-fcf8ae5d079a,061b971f-c090-11e8-8a73-fcf8ae5d079a,service_2,service_2_api_3,1537858544519,2,839,12,2,523,111,3,824,203,Success,Success,Success,service_1,cpu
248,061b9720-c090-11e8-bdd4-fcf8ae5d079a,061b9721-c090-11e8-bf2f-fcf8ae5d079a,061be564-c090-11e8-8f8d-fcf8ae5d079a,061b9722-c090-11e8-9bb0-fcf8ae5d079a,service_1,service_1_api_2,1537858544519,2,320,243,3,738,100,3,109,187,Success,Success,Success,service_3,memory
249,061b9723-c090-11e8-bdbe-fcf8ae5d079a,061b9724-c090-11e8-ad9b-fcf8ae5d079a,061be565-c090-11e8-bfac-fcf8ae5d079a,061b9725-c090-11e8-b1ae-fcf8ae5d079a,service_3,service_3_api_3,1537858544519,2,491,46,1,450,11,3,479,55,Success,Success,Success,service_2,cpu
250,061b9726-c090-11e8-a6d3-fcf8ae5d079a,061b9727-c090-11e8-9944-fcf8ae5d079a,061be566-c090-11e8-a916-fcf8ae5d079a,061b9728-c090-11e8-99f1-fcf8ae5d079a,service_1,service_1_api_1,1537858544519,7,883,204,1,537,247,4,827,258,Fail,Success,Success,service_1,instance
251,061b9729-c090-11e8-afcc-fcf8ae5d079a,061b972a-c090-11e8-9734-fcf8ae5d079a,061be567-c090-11e8-a621-fcf8ae5d079a,061b972b-c090-11e8-8d08-fcf8ae5d079a,service_2,service_2_api_3,1537858544519,1,911,65,9,421,221,3,438,194,Fail,Fail,Fail,service_2,instance
252,061b972c-c090-11e8-b32c-fcf8ae5d079a,061b972d-c090-11e8-9050-fcf8ae5d079a,061be568-c090-11e8-870d-fcf8ae5d079a,061b972e-c090-11e8-99f4-fcf8ae5d079a,service_2,service_2_api_2,1537858544519,2,627,153,2,295,23,1,826,73,Success,Success,Success,service_2,cpu
253,061b972f-c090-11e8-a88e-fcf8ae5d079a,061b9730-c090-11e8-a0d9-fcf8ae5d079a,061be569-c090-11e8-95e4-fcf8ae5d079a,061b9731-c090-11e8-a9c4-fcf8ae5d079a,service_2,service_2_api_2,1537858544519,4,876,196,3,164,241,1,798,296,Success,Success,Success,service_2,memory
254,061b9732-c090-11e8-bee9-fcf8ae5d079a,061b9733-c090-11e8-bae9-fcf8ae5d079a,061be56a-c090-11e8-83fb-fcf8ae5d079a,061b9734-c090-11e8-ac76-fcf8ae5d079a,service_2,service_2_api_4,1537858544519,4,581,11,4,892,293,2,750,137,Fail,Fail,Success,service_1,cpu
255,061b9735-c090-11e8-ab94-fcf8ae5d079a,061b9736-c090-11e8-9baf-fcf8ae5d079a,061be56b-c090-11e8-9f5f-fcf8ae5d079a,061b9737-c090-11e8-8b29-fcf8ae5d079a,service_1,service_1_api_1,1537858544519,4,1014,296,3,389,217,9,267,187,Fail,Fail,Success,service_3,instance
256,061b9738-c090-11e8-ade3-fcf8ae5d079a,061b9739-c090-11e8-a0b5-fcf8ae5d079a,061be56c-c090-11e8-a3ad-fcf8ae5d079a,061b973a-c090-11e8-ba30-fcf8ae5d079a,service_1,service_1_api_2,1537858544519,1,768,292,3,252,36,2,179,285,Fail,Success,Fail,service_3,memory
257,061b973b-c090-11e8-b9d9-fcf8ae5d079a,061b973c-c090-11e8-a851-fcf8ae5d079a,061be56d-c090-11e8-a035-fcf8ae5d079a,061b973d-c090-11e8-8d2e-fcf8ae5d079a,service_1,service_1_api_2,1537858544519,4,206,28,3,553,225,2,593,235,Fail,Fail,Success,service_1,cpu
258,061b973e-c090-11e8-9685-fcf8ae5d079a,061b973f-c090-11e8-a2be-fcf8ae5d079a,061be56e-c090-11e8-96f6-fcf8ae5d079a,061b9740-c090-11e8-b2c8-fcf8ae5d079a,service_1,service_1_api_2,1537858544519,1,960,103,3,708,208,1,782,23,Success,Success,Fail,service_3,cpu
259,061b9741-c090-11e8-a9ca-fcf8ae5d079a,061b9742-c090-11e8-b3bf-fcf8ae5d079a,061be56f-c090-11e8-81e8-fcf8ae5d079a,061b9743-c090-11e8-b879-fcf8ae5d079a,service_3,service_3_api_2,1537858544519,1,215,255,2,305,233,6,900,168,Fail,Fail,Fail,service_3,instance
260,061b9744-c090-11e8-a110-fcf8ae5d079a,061b9745-c090-11e8-a71c-fcf8ae5d079a,061be570-c090-11e8-861c-fcf8ae5d079a,061b9746-c090-11e8-ace8-fcf8ae5d079a,service_3,service_3_api_2,1537858544519,6,807,101,4,536,246,2,777,234,Success,Fail,Success,service_1,instance
261,061b9747-c090-11e8-99b2-fcf8ae5d079a,061b9748-c090-11e8-959c-fcf8ae5d079a,061be571-c090-11e8-8269-fcf8ae5d079a,061b9749-c090-11e8-8f9f-fcf8ae5d079a,service_1,service_1_api_2,1537858544519,3,139,228,2,264,101,1,1000,116,Fail,Success,Fail,service_1,memory
262,061b974a-c090-11e8-b409-fcf8ae5d079a,061b974b-c090-11e8-8943-fcf8ae5d079a,061be572-c090-11e8-aacc-fcf8ae5d079a,061b974c-c090-11e8-9b66-fcf8ae5d079a,service_3,service_3_api_3,1537858544519,2,873,147,7,214,121,4,904,296,Fail,Success,Success,service_2,instance
263,061b974d-c090-11e8-ba2e-fcf8ae5d079a,061b974e-c090-11e8-9612-fcf8ae5d079a,061be573-c090-11e8-902a-fcf8ae5d079a,061b974f-c090-11e8-aaab-fcf8ae5d079a,service_2,service_2_api_3,1537858544519,3,998,230,5,845,196,1,865,84,Fail,Success,Success,service_2,instance
264,061b9750-c090-11e8-a7ea-fcf8ae5d079a,061b9751-c090-11e8-86b4-fcf8ae5d079a,061be574-c090-11e8-8e9a-fcf8ae5d079a,061b9752-c090-11e8-8d85-fcf8ae5d079a,service_3,service_3_api_1,1537858544519,6,728,228,4,427,43,4,277,137,Fail,Success,Success,service_1,instance
265,061b9753-c090-11e8-bd2a-fcf8ae5d079a,061b9754-c090-11e8-830f-fcf8ae5d079a,061be575-c090-11e8-a90f-fcf8ae5d079a,061b9755-c090-11e8-97bf-fcf8ae5d079a,service_1,service_1_api_2,1537858544519,4,357,277,1,464,217,4,70,267,Success,Fail,Success,service_3,memory
266,061b9756-c090-11e8-b2a7-fcf8ae5d079a,061b9757-c090-11e8-8925-fcf8ae5d079a,061be576-c090-11e8-a2e7-fcf8ae5d079a,061b9758-c090-11e8-b95c-fcf8ae5d079a,service_1,service_1_api_2,1537858544519,7,940,78,3,861,153,4,879,297,Success,Success,Success,service_1,instance
267,061b9759-c090-11e8-af83-fcf8ae5d079a,061b975a-c090-11e8-8261-fcf8ae5d079a,061be577-c090-11e8-ad64-fcf8ae5d079a,061b975b-c090-11e8-bb19-fcf8ae5d079a,service_2,service_2_api_1,1537858544519,3,134,211,2,292,171,4,429,182,Success,Success,Fail,service_1,memory
268,061b975c-c090-11e8-ad9f-fcf8ae5d079a,061b975d-c090-11e8-81ad-fcf8ae5d079a,061be578-c090-11e8-b790-fcf8ae5d079a,061b975e-c090-11e8-a8f5-fcf8ae5d079a,service_3,service_3_api_1,1537858544520,2,497,110,2,152,258,3,547,143,Success,Fail,Fail,service_2,memory
269,061b975f-c090-11e8-b220-fcf8ae5d079a,061b9760-c090-11e8-aa40-fcf8ae5d079a,061be579-c090-11e8-80f0-fcf8ae5d079a,061b9761-c090-11e8-8bb2-fcf8ae5d079a,service_3,service_3_api_3,1537858544520,3,766,80,4,464,144,2,59,134,Fail,Success,Fail,service_3,memory
270,061b9762-c090-11e8-827c-fcf8ae5d079a,061b9763-c090-11e8-b8d5-fcf8ae5d079a,061be57a-c090-11e8-b0b4-fcf8ae5d079a,061b9764-c090-11e8-8418-fcf8ae5d079a,service_3,service_3_api_1,1537858544520,3,962,118,6,559,167,1,895,75,Fail,Success,Fail,service_2,instance
271,061b9765-c090-11e8-bb79-fcf8ae5d079a,061b9766-c090-11e8-a210-fcf8ae5d079a,061be57b-c090-11e8-9f50-fcf8ae5d079a,061b9767-c090-11e8-ae13-fcf8ae5d079a,service_3,service_3_api_2,1537858544520,2,770,217,5,815,75,4,583,228,Fail,Fail,Fail,service_2,instance
272,061b9768-c090-11e8-b1fd-fcf8ae5d079a,061b9769-c090-11e8-a92d-fcf8ae5d079a,061be57c-c090-11e8-b2cb-fcf8ae5d079a,061b976a-c090-11e8-98c7-fcf8ae5d079a,service_2,service_2_api_1,1537858544520,3,279,227,6,734,173,2,989,97,Success,Fail,Success,service_2,instance
273,061b976b-c090-11e8-8325-fcf8ae5d079a,061baab4-c090-11e8-a9e3-fcf8ae5d079a,061be57d-c090-11e8-abc5-fcf8ae5d079a,061baab5-c090-11e8-bc9f-fcf8ae5d079a,service_3,service_3_api_2,1537858544520,2,798,134,7,916,153,1,379,35,Fail,Fail,Fail,service_2,instance
274,061baab6-c090-11e8-8cc0-fcf8ae5d079a,061baab7-c090-11e8-971a-fcf8ae5d079a,061bf8a2-c090-11e8-8c29-fcf8ae5d079a,061baab8-c090-11e8-81d6-fcf8ae5d079a,service_3,service_3_api_2,1537858544520,4,809,41,3,559,245,1,645,20,Success,Fail,Success,service_3,cpu
275,061baab9-c090-11e8-ae9a-fcf8ae5d079a,061baaba-c090-11e8-a317-fcf8ae5d079a,061bf8a3-c090-11e8-a76f-fcf8ae5d079a,061baabb-c090-11e8-a754-fcf8ae5d079a,service_1,service_1_api_2,1537858544520,4,31,254,4,725,166,1,458,159,Fail,Success,Fail,service_1,memory
276,061baabc-c090-11e8-966a-fcf8ae5d079a,061baabd-c090-11e8-91be-fcf8ae5d079a,061bf8a4-c090-11e8-8eb9-fcf8ae5d079a,061baabe-c090-11e8-9e76-fcf8ae5d079a,service_2,service_2_api_3,1537858544520,1,246,159,3,451,74,3,155,297,Fail,Fail,Fail,service_3,memory
277,061baabf-c090-11e8-8276-fcf8ae5d079a,061baac0-c090-11e8-8402-fcf8ae5d079a,061bf8a5-c090-11e8-b47b-fcf8ae5d079a,061baac1-c090-11e8-8593-fcf8ae5d079a,service_2,service_2_api_2,1537858544520,5,292,229,2,366,165,3,628,202,Success,Success,Success,service_1,instance
278,061baac2-c090-11e8-91ec-fcf8ae5d079a,061baac3-c090-11e8-81bc-fcf8ae5d079a,061bf8a6-c090-11e8-a448-fcf8ae5d079a,061baac4-c090-11e8-9394-fcf8ae5d079a,service_3,service_3_api_2,1537858544520,3,320,54,2,475,244,9,677,56,Success,Success,Fail,service_3,instance
279,061baac5-c090-11e8-be64-fcf8ae5d079a,061baac6-c090-11e8-9a41-fcf8ae5d079a,061bf8a7-c090-11e8-aa75-fcf8ae5d079a,061baac7-c090-11e8-838e-fcf8ae5d079a,service_1,service_1_api_1,1537858544520,4,686,245,4,9,163,1,907,123,Fail,Success,Fail,service_2,memory
280,061baac8-c090-11e8-b6e2-fcf8ae5d079a,061baac9-c090-11e8-af90-fcf8ae5d079a,061bf8a8-c090-11e8-b85d-fcf8ae5d079a,061baaca-c090-11e8-bd01-fcf8ae5d079a,service_1,service_1_api_2,1537858544520,5,591,141,4,1007,137,2,632,117,Fail,Success,Fail,service_1,instance
281,061baacb-c090-11e8-b484-fcf8ae5d079a,061baacc-c090-11e8-9969-fcf8ae5d079a,061bf8a9-c090-11e8-8ada-fcf8ae5d079a,061baacd-c090-11e8-82c2-fcf8ae5d079a,service_2,service_2_api_1,1537858544520,1,205,29,1,390,168,4,732,94,Fail,Success,Fail,service_1,cpu
282,061baace-c090-11e8-ba68-fcf8ae5d079a,061baacf-c090-11e8-954a-fcf8ae5d079a,061bf8aa-c090-11e8-814b-fcf8ae5d079a,061baad0-c090-11e8-ad05-fcf8ae5d079a,service_1,service_1_api_1,1537858544520,1,867,280,4,733,283,5,833,275,Fail,Fail,Success,service_3,instance
283,061baad1-c090-11e8-8206-fcf8ae5d079a,061baad2-c090-11e8-b366-fcf8ae5d079a,061bf8ab-c090-11e8-ad9d-fcf8ae5d079a,061baad3-c090-11e8-8e04-fcf8ae5d079a,service_2,service_2_api_3,1537858544520,4,643,16,3,1006,221,4,483,88,Fail,Success,Success,service_1,cpu
284,061baad4-c090-11e8-83e4-fcf8ae5d079a,061baad5-c090-11e8-bd9e-fcf8ae5d079a,061bf8ac-c090-11e8-8b41-fcf8ae5d079a,061baad6-c090-11e8-acd3-fcf8ae5d079a,service_3,service_3_api_1,1537858544520,3,924,158,8,227,83,2,603,72,Success,Success,Fail,service_2,instance
285,061baad7-c090-11e8-9c60-fcf8ae5d079a,061baad8-c090-11e8-bae8-fcf8ae5d079a,061bf8ad-c090-11e8-b637-fcf8ae5d079a,061baad9-c090-11e8-b67d-fcf8ae5d079a,service_3,service_3_api_2,1537858544520,3,728,290,1,840,32,9,510,101,Success,Fail,Success,service_3,instance
286,061baada-c090-11e8-a3d4-fcf8ae5d079a,061baadb-c090-11e8-b15c-fcf8ae5d079a,061bf8ae-c090-11e8-a7e4-fcf8ae5d079a,061baadc-c090-11e8-a27c-fcf8ae5d079a,service_1,service_1_api_1,1537858544520,4,757,265,4,416,149,4,49,87,Fail,Success,Fail,service_3,memory
287,061baadd-c090-11e8-bbaa-fcf8ae5d079a,061baade-c090-11e8-8252-fcf8ae5d079a,061bf8af-c090-11e8-8c67-fcf8ae5d079a,061baadf-c090-11e8-9bba-fcf8ae5d079a,service_1,service_1_api_2,1537858544520,2,660,185,1,800,86,2,304,23,Fail,Success,Fail,service_3,cpu
288,061baae0-c090-11e8-b660-fcf8ae5d079a,061baae1-c090-11e8-a5c1-fcf8ae5d079a,061bf8b0-c090-11e8-8508-fcf8ae5d079a,061baae2-c090-11e8-9bed-fcf8ae5d079a,service_2,service_2_api_1,1537858544520,2,722,15,4,377,212,3,831,248,Fail,Success,Success,service_1,cpu
289,061baae3-c090-11e8-abf8-fcf8ae5d079a,061baae4-c090-11e8-86b0-fcf8ae5d079a,061bf8b1-c090-11e8-9d89-fcf8ae5d079a,061baae5-c090-11e8-b6f4-fcf8ae5d079a,service_3,service_3_api_1,1537858544520,3,652,273,5,502,109,4,379,87,Success,Success,Fail,service_2,instance
290,061baae6-c090-11e8-96dd-fcf8ae5d079a,061baae7-c090-11e8-b5fb-fcf8ae5d079a,061bf8b2-c090-11e8-a25c-fcf8ae5d079a,061baae8-c090-11e8-976d-fcf8ae5d079a,service_2,service_2_api_3,1537858544520,4,633,267,1,1000,25,1,333,285,Fail,Fail,Success,service_2,cpu
291,061baae9-c090-11e8-ba41-fcf8ae5d079a,061baaea-c090-11e8-96b1-fcf8ae5d079a,061bf8b3-c090-11e8-8d12-fcf8ae5d079a,061baaeb-c090-11e8-8807-fcf8ae5d079a,service_1,service_1_api_2,1537858544520,5,875,260,1,553,79,3,759,106,Success,Fail,Fail,service_1,instance
292,061baaec-c090-11e8-9421-fcf8ae5d079a,061baaed-c090-11e8-9822-fcf8ae5d079a,061bf8b4-c090-11e8-8649-fcf8ae5d079a,061baaee-c090-11e8-a514-fcf8ae5d079a,service_2,service_2_api_1,1537858544520,1,263,71,3,752,275,6,722,208,Fail,Fail,Success,service_3,instance
293,061baaef-c090-11e8-873f-fcf8ae5d079a,061baaf0-c090-11e8-9149-fcf8ae5d079a,061bf8b5-c090-11e8-b3e7-fcf8ae5d079a,061baaf1-c090-11e8-9de5-fcf8ae5d079a,service_2,service_2_api_3,1537858544520,3,25,82,4,560,71,3,902,243,Success,Fail,Success,service_1,memory
294,061baaf2-c090-11e8-b444-fcf8ae5d079a,061baaf3-c090-11e8-9c03-fcf8ae5d079a,061bf8b6-c090-11e8-8b9e-fcf8ae5d079a,061baaf4-c090-11e8-a996-fcf8ae5d079a,service_2,service_2_api_2,1537858544520,1,697,252,5,656,232,4,911,287,Fail,Success,Success,service_2,instance
295,061baaf5-c090-11e8-acb0-fcf8ae5d079a,061baaf6-c090-11e8-ad6b-fcf8ae5d079a,061bf8b7-c090-11e8-bbca-fcf8ae5d079a,061baaf7-c090-11e8-8954-fcf8ae5d079a,service_2,service_2_api_3,1537858544520,6,607,203,3,802,71,1,862,109,Success,Success,Fail,service_1,instance
296,061baaf8-c090-11e8-883d-fcf8ae5d079a,061baaf9-c090-11e8-8689-fcf8ae5d079a,061bf8b8-c090-11e8-8158-fcf8ae5d079a,061baafa-c090-11e8-96fe-fcf8ae5d079a,service_2,service_2_api_1,1537858544520,4,929,118,3,68,169,4,402,61,Success,Success,Success,service_2,memory
297,061baafb-c090-11e8-985a-fcf8ae5d079a,061baafc-c090-11e8-9f3f-fcf8ae5d079a,061bf8b9-c090-11e8-b7b7-fcf8ae5d079a,061baafd-c090-11e8-8c6b-fcf8ae5d079a,service_2,service_2_api_2,1537858544520,2,290,186,7,313,62,3,460,121,Fail,Fail,Fail,service_2,instance
298,061baafe-c090-11e8-a1c7-fcf8ae5d079a,061baaff-c090-11e8-b680-fcf8ae5d079a,061bf8ba-c090-11e8-b6f9-fcf8ae5d079a,061bab00-c090-11e8-8fb7-fcf8ae5d079a,service_2,service_2_api_4,1537858544520,1,736,245,4,320,53,1,128,168,Success,Success,Fail,service_3,memory
299,061bab01-c090-11e8-a92f-fcf8ae5d079a,061bab02-c090-11e8-b839-fcf8ae5d079a,061bf8bb-c090-11e8-abdc-fcf8ae5d079a,061bab03-c090-11e8-bd66-fcf8ae5d079a,service_3,service_3_api_2,1537858544520,5,860,39,3,857,223,3,681,36,Success,Success,Success,service_1,instance
